"","sample.id","date","location","inshore.offshore","replicate","480nm","510nm","630nm","647nm","664nm","750nm","Leaf_Area 1","Leaf_Area 2","Leaf_Area 3","year","month","day"
"1",300,2007-03-13,"Goodwin's","Inshore","A1",0.279,0.058,0.033,0.043,0.216,-0.016,13.47,14.27,11.98,"2007","03","13"
"2",300,2007-03-13,"Goodwin's","Inshore","B1",0.11,0.01,0,0.006,0.073,-0.016,10.46,10.66,8.36,"2007","03","13"
"3",300,2007-03-13,"Goodwin's","Inshore","C1",0,-0.017,-0.017,-0.016,-0.003,-0.017,8.96,9.65,6.49,"2007","03","13"
"4",300,2007-03-13,"Goodwin's","Inshore","D1",0.023,-0.013,-0.015,-0.012,0.015,-0.019,11.85,11.8,9.84,"2007","03","13"
"5",300,2007-03-13,"Goodwin's","Inshore","E1",0.022,-0.014,-0.013,-0.009,0.021,-0.019,11.48,11.54,8.16,"2007","03","13"
"6",301,2007-03-13,"Goodwin's","Offshore","A1",0.304,0.057,0.045,0.059,0.272,-0.018,9.36,8.96,8.63,"2007","03","13"
"7",301,2007-03-13,"Goodwin's","Offshore","B1",0.531,0.123,0.099,0.11,0.474,-0.017,9.93,9.42,6.66,"2007","03","13"
"8",301,2007-03-13,"Goodwin's","Offshore","C1",0.317,0.062,0.046,0.053,0.265,-0.017,7.36,6.33,3.84,"2007","03","13"
"9",301,2007-03-13,"Goodwin's","Offshore","D1",0.095,0.007,-0.001,0.003,0.068,-0.017,16.81,16.56,15.87,"2007","03","13"
"10",301,2007-03-13,"Goodwin's","Offshore","E1",0.248,0.047,0.026,0.035,0.19,-0.017,23.14,22.27,19.49,"2007","03","13"
"11",302,2007-04-24,"Goodwin's","Inshore","A1",0.077,0.011,0.005,0.011,0.067,-0.01,9.24,5.38,5.25,"2007","04","24"
"12",302,2007-04-24,"Goodwin's","Inshore","B1",0.05,0.003,-0.001,0.004,0.038,-0.011,17.35,15.93,14.87,"2007","04","24"
"13",302,2007-04-24,"Goodwin's","Inshore","C1",-0.002,-0.01,-0.011,-0.01,-0.005,-0.011,13.41,11.63,11.19,"2007","04","24"
"14",302,2007-04-24,"Goodwin's","Inshore","D1",0.068,0.008,0.003,0.011,0.059,-0.011,19.31,16.51,16.03,"2007","04","24"
"15",302,2007-04-24,"Goodwin's","Inshore","E1",0.022,-0.003,-0.006,-0.005,0.014,-0.01,27.93,23.99,24.77,"2007","04","24"
"16",303,2007-04-24,"Goodwin's","Offshore","A1",0.288,0.065,0.056,0.074,0.299,-0.011,37.49,34.52,35.25,"2007","04","24"
"17",303,2007-04-24,"Goodwin's","Offshore","B1",0.09,0.011,0.008,0.018,0.079,-0.011,30.4,27.18,28.15,"2007","04","24"
"18",303,2007-04-24,"Goodwin's","Offshore","C1",0.02,-0.003,-0.006,-0.004,0.018,-0.011,9.27,8.13,8.05,"2007","04","24"
"19",303,2007-04-24,"Goodwin's","Offshore","D1",0.028,-0.003,-0.005,-0.001,0.024,-0.011,22.81,20.11,20.11,"2007","04","24"
"20",303,2007-04-24,"Goodwin's","Offshore","E1",0.011,-0.006,-0.004,-0.007,0.006,-0.011,28.83,26.32,27.34,"2007","04","24"
"21",303,2007-04-24,"Goodwin's","Blank","Blank",0.004,0.003,0,0,0,0,NA,NA,NA,"2007","04","24"
"22",304,2007-05-15,"Goodwin's","Inshore","A1",0.145,0.015,0.01,0.031,0.155,-0.028,49.92,50.41,45.79,"2007","05","15"
"23",304,2007-05-15,"Goodwin's","Inshore","B1",0.411,0.239,0.206,0.237,0.364,0.133,35.64,35.65,32.61,"2007","05","15"
"24",304,2007-05-15,"Goodwin's","Inshore","C1",0.192,0.048,0.037,0.056,0.195,-0.013,56.29,52.84,49.6,"2007","05","15"
"25",304,2007-05-15,"Goodwin's","Inshore","D1",0.068,0.022,0.011,0.016,0.058,-0.007,12.98,12.9,10.41,"2007","05","15"
"26",304,2007-05-15,"Goodwin's","Inshore","E1",0.245,0.073,0.06,0.093,0.232,0.001,44.03,43.22,41,"2007","05","15"
"27",305,2007-05-15,"Goodwin's","Offshore","A1",0.638,0.554,0.51,0.518,0.587,0.439,20.42,20.84,18.07,"2007","05","15"
"28",305,2007-05-15,"Goodwin's","Offshore","B1",0.156,0.055,0.04,0.047,0.151,-0.001,33.61,33.89,31.22,"2007","05","15"
"29",305,2007-05-15,"Goodwin's","Offshore","C1",0.242,0.071,0.062,0.095,0.251,-0.002,49.1,50.98,45.42,"2007","05","15"
"30",305,2007-05-15,"Goodwin's","Offshore","D1",0.104,0.022,0.014,0.025,0.107,-0.015,37.38,37.48,32.81,"2007","05","15"
"31",305,2007-05-15,"Goodwin's","Offshore","E1",0.189,0.061,0.046,0.061,0.179,-0.002,45.8,45.15,41.8,"2007","05","15"
"32",305,2007-05-15,"Goodwin's","Blank","Blank",0.012,0.01,0.001,0,0,-0.002,NA,NA,NA,"2007","05","15"
"33",306,2007-06-21,"Goodwin's","Inshore","A1",0.163,0.054,0.041,0.05,0.142,0.01,30.6,30.63,29.8,"2007","06","21"
"34",306,2007-06-21,"Goodwin's","Inshore","B1",0.354,0.145,0.101,0.12,0.29,0.036,62.47,34.1,59.88,"2007","06","21"
"35",306,2007-06-21,"Goodwin's","Inshore","C1",0.996,0.309,0.243,0.278,0.894,0.036,55.32,50.19,45.43,"2007","06","21"
"36",306,2007-06-21,"Goodwin's","Inshore","D1",0.05,0.033,0.023,0.023,0.033,0.017,22.61,21.65,19.42,"2007","06","21"
"37",306,2007-06-21,"Goodwin's","Inshore","E1",0.473,0.181,0.135,0.158,0.423,0.038,59.24,58.53,55.98,"2007","06","21"
"38",307,2007-06-21,"Goodwin's","Offshore","A1",0.192,0.081,0.069,0.083,0.188,0.028,28.34,28.9,25.72,"2007","06","21"
"39",307,2007-06-21,"Goodwin's","Offshore","B1",0.476,0.163,0.129,0.147,0.436,0.03,65.41,66.26,62.04,"2007","06","21"
"40",307,2007-06-21,"Goodwin's","Offshore","C1",0.563,0.165,0.14,0.163,0.502,0.026,53.71,53.47,50.72,"2007","06","21"
"41",307,2007-06-21,"Goodwin's","Offshore","D1",0.115,0.051,0.042,0.045,0.103,0.019,23.99,23.33,22.09,"2007","06","21"
"42",307,2007-06-21,"Goodwin's","Offshore","E1",0.446,0.165,0.123,0.14,0.413,0.028,61.1,61.61,58.4,"2007","06","21"
"43",308,2007-07-26,"Goodwin's","Inshore","A1",0.177,0.0438,0.0408,0.0626,0.1797,-9e-04,30.82,30.8,28.33,"2007","07","26"
"44",308,2007-07-26,"Goodwin's","Inshore","B1",0.0535,0.0127,0.0111,0.0156,0.0527,-0.0011,9.61,9.66,9.47,"2007","07","26"
"45",308,2007-07-26,"Goodwin's","Inshore","C1",0.2603,0.0681,0.0636,0.0925,0.2743,-7e-04,17.87,17.85,16.85,"2007","07","26"
"46",308,2007-07-26,"Goodwin's","Inshore","D1",0.0553,0.014,0.0121,0.015,0.0552,-0.001,13.6,13.45,11.9,"2007","07","26"
"47",308,2007-07-26,"Goodwin's","Inshore","E1",0.0831,0.0215,0.0186,0.0222,0.0842,-0.0011,16.89,16.84,15.08,"2007","07","26"
"48",309,2007-07-26,"Goodwin's","Offshore","A1",0.1279,0.0336,0.0319,0.042,0.1399,-0.001,18.11,17.86,17.44,"2007","07","26"
"49",309,2007-07-26,"Goodwin's","Offshore","B1",0.0999,0.025,0.0206,0.0291,0.0948,-0.001,20.72,20.9,19.56,"2007","07","26"
"50",309,2007-07-26,"Goodwin's","Offshore","C1",0.0323,0.0071,0.0057,0.0081,0.03,-0.001,11.37,9.78,10.5,"2007","07","26"
"51",309,2007-07-26,"Goodwin's","Offshore","D1",0.0979,0.0249,0.0244,0.0337,0.1078,-7e-04,15.12,15.01,13.74,"2007","07","26"
"52",309,2007-07-26,"Goodwin's","Offshore","E1",0.1439,0.0396,0.0344,0.0427,0.1479,-2e-04,9.77,9.65,8.66,"2007","07","26"
"53",310,2007-08-23,"Goodwin's","Inshore","A1",0.0105,0.0039,0.0023,0.0028,0.0082,9e-04,8.19,8.13,7.56,"2007","08","23"
"54",310,2007-08-23,"Goodwin's","Inshore","B1",0.0085,0.0033,0.0018,0.0024,0.0065,9e-04,6.71,6.56,5.86,"2007","08","23"
"55",310,2007-08-23,"Goodwin's","Inshore","C1",0.0121,0.0038,0.0026,0.0042,0.01,5e-04,10.43,9.47,9.05,"2007","08","23"
"56",310,2007-08-23,"Goodwin's","Inshore","D1",0.0338,0.0105,0.0073,0.0117,0.0304,9e-04,22.63,22.62,20.93,"2007","08","23"
"57",310,2007-08-23,"Goodwin's","Inshore","E1",0.0096,0.0033,0.002,0.0028,0.0078,6e-04,12.84,12,10.68,"2007","08","23"
"58",311,2007-08-23,"Goodwin's","Offshore","A1",0.1274,0.0363,0.0292,0.0391,0.124,0.001,29.69,28.17,258.75,"2007","08","23"
"59",311,2007-08-23,"Goodwin's","Offshore","B1",0.0306,0.0092,0.0071,0.0093,0.0291,6e-04,13.87,13.45,12.68,"2007","08","23"
"60",311,2007-08-23,"Goodwin's","Offshore","C1",0.1429,0.0437,0.0331,0.0409,0.1393,0.001,16.74,15.77,15.34,"2007","08","23"
"61",311,2007-08-23,"Goodwin's","Offshore","D1",0.0363,0.0111,0.0082,0.0115,0.0341,6e-04,15.23,15.23,14.71,"2007","08","23"
"62",311,2007-08-23,"Goodwin's","Offshore","E1",0.0249,0.0077,0.0055,0.0076,0.0222,6e-04,12.07,11.48,10.83,"2007","08","23"
"63",312,2007-09-24,"Goodwin's","Inshore","A1",0.0676,0.019,0.0143,0.0167,0.0608,4e-04,19,18.91,17.92,"2007","09","24"
"64",312,2007-09-24,"Goodwin's","Inshore","B1",0.0824,0.0228,0.0178,0.0201,0.0762,4e-04,11.73,11.52,11.23,"2007","09","24"
"65",312,2007-09-24,"Goodwin's","Inshore","C1",0.1157,0.0323,0.0262,0.0313,0.11,5e-04,7.86,7.97,7.4,"2007","09","24"
"66",312,2007-09-24,"Goodwin's","Inshore","D1",0.0442,0.0128,0.0096,0.0111,0.0383,5e-04,7.51,7.5,6.61,"2007","09","24"
"67",312,2007-09-24,"Goodwin's","Inshore","E1",0.0686,0.0189,0.0149,0.0172,0.0651,0,9.56,9.62,8.45,"2007","09","24"
"68",313,2007-09-24,"Goodwin's","Offshore","A1",0.1056,0.0298,0.0232,0.0264,0.0994,4e-04,12.69,17.55,16.21,"2007","09","24"
"69",313,2007-09-24,"Goodwin's","Offshore","B1",0.0573,0.0165,0.0121,0.0135,0.0497,2e-04,7.27,6.39,7.08,"2007","09","24"
"70",313,2007-09-24,"Goodwin's","Offshore","C1",0.0759,0.0228,0.0178,0.0208,0.0687,6e-04,8.48,8.57,7.23,"2007","09","24"
"71",313,2007-09-24,"Goodwin's","Offshore","D1",0.135,0.0387,0.0308,0.035,0.1305,5e-04,13.73,13.9,12.71,"2007","09","24"
"72",313,2007-09-24,"Goodwin's","Offshore","E1",0.0249,0.0071,0.0056,0.0062,0.0232,0,4.85,4.98,4.1,"2007","09","24"
"73",314,2007-10-23,"Goodwin's","Inshore","A1",0.5564,0.1646,0.1367,0.1559,0.5615,0.0018,30.7,31.1,30.93,"2007","10","23"
"74",314,2007-10-23,"Goodwin's","Inshore","B1",0.1298,0.0396,0.0337,0.0376,0.1335,0.0013,15.94,15.76,15.78,"2007","10","23"
"75",314,2007-10-23,"Goodwin's","Inshore","C1",0.1659,0.0475,0.0385,0.0433,0.1639,9e-04,10.51,10.28,10.55,"2007","10","23"
"76",314,2007-10-23,"Goodwin's","Inshore","D1",0.2633,0.0756,0.0624,0.0747,0.2579,0.001,16.43,16.52,16.33,"2007","10","23"
"77",314,2007-10-23,"Goodwin's","Inshore","E1",0.0994,0.0289,0.0234,0.0269,0.0975,6e-04,8.73,8.84,8.96,"2007","10","23"
"78",315,2007-10-23,"Goodwin's","Offshore","A1",0.2467,0.0697,0.0594,0.0668,0.2488,0.001,14.96,14.96,15.03,"2007","10","23"
"79",315,2007-10-23,"Goodwin's","Offshore","B1",0.4838,0.1394,0.1157,0.135,0.4829,0.0012,24.88,28.1,25.97,"2007","10","23"
"80",315,2007-10-23,"Goodwin's","Offshore","C1",0.1307,0.0385,0.0313,0.0356,0.13,9e-04,3.82,3.84,3.79,"2007","10","23"
"81",315,2007-10-23,"Goodwin's","Offshore","D1",0.1986,0.0552,0.0471,0.0544,0.1984,9e-04,17.7,18.12,18.26,"2007","10","23"
"82",315,2007-10-23,"Goodwin's","Offshore","E1",0.1918,0.0579,0.0449,0.0527,0.1779,0.0011,12.61,12.79,12.65,"2007","10","23"
"83",316,2007-11-19,"Goodwin's","Inshore","A1",0.5123,0.1478,0.1082,0.1176,0.4606,0.0018,21.72,21.92,21.66,"2007","11","19"
"84",316,2007-11-19,"Goodwin's","Inshore","B1",0.4706,0.1334,0.0999,0.1116,0.4359,0.0016,26.62,26.1,26.29,"2007","11","19"
"85",316,2007-11-19,"Goodwin's","Inshore","C1",0.3928,0.1125,0.0839,0.0938,0.3657,0.0011,17.26,14.94,15.21,"2007","11","19"
"86",316,2007-11-19,"Goodwin's","Inshore","D1",0.3727,0.1056,0.0808,0.0922,0.3549,0.001,13.12,13.04,13.13,"2007","11","19"
"87",316,2007-11-19,"Goodwin's","Inshore","E1",0.6752,0.1948,0.1481,0.1688,0.6512,0.0016,37,36.67,36.88,"2007","11","19"
"88",317,2007-11-19,"Goodwin's","Offshore","A1",NA,NA,NA,NA,NA,NA,NA,NA,NA,"2007","11","19"
"89",317,2007-11-19,"Goodwin's","Offshore","B1",0.2727,0.0763,0.0631,0.0697,0.2743,9e-04,12.62,12.82,12.52,"2007","11","19"
"90",317,2007-11-19,"Goodwin's","Offshore","C1",0.2308,0.0638,0.0538,0.0607,0.236,9e-04,9.17,9.26,9.38,"2007","11","19"
"91",317,2007-11-19,"Goodwin's","Offshore","D1",0.3337,0.0956,0.0752,0.0845,0.3275,0.0011,22.19,22.38,22.11,"2007","11","19"
"92",317,2007-11-19,"Goodwin's","Offshore","E1",0.4701,0.1365,0.1058,0.1194,0.4613,0.0012,17.39,14.59,14.23,"2007","11","19"
"93",318,2008-03-18,"Goodwin's","Inshore","A1",0.0302,0.01,0.0089,0.0115,0.0403,-1e-04,13.91,13.94,13.98,"2008","03","18"
"94",318,2008-03-18,"Goodwin's","Inshore","B1",0.0247,0.0076,0.0071,0.0093,0.0319,0,4.9,4.87,4.77,"2008","03","18"
"95",318,2008-03-18,"Goodwin's","Inshore","C1",0.0344,0.0093,0.012,0.0171,0.0521,-1e-04,12.14,12.42,12.1,"2008","03","18"
"96",318,2008-03-18,"Goodwin's","Inshore","D1",0.0621,0.0187,0.0201,0.0251,0.0884,6e-04,26.49,27.1,26.63,"2008","03","18"
"97",318,2008-03-18,"Goodwin's","Inshore","E1",0.0184,0.0062,0.0056,0.0071,0.0236,4e-04,5.48,5.49,5.3,"2008","03","18"
"98",319,2008-03-18,"Goodwin's","Offshore","A1",0.0376,0.0088,0.0127,0.0209,0.0558,5e-04,6.09,6.2,6.03,"2008","03","18"
"99",319,2008-03-18,"Goodwin's","Offshore","B1",0.0049,0.0013,0.0018,0.0024,0.0074,2e-04,1.97,1.89,1.87,"2008","03","18"
"100",319,2008-03-18,"Goodwin's","Offshore","C1",0.0337,0.0098,0.0099,0.0129,0.0433,4e-04,27.03,26.95,26.86,"2008","03","18"
"101",319,2008-03-18,"Goodwin's","Offshore","D1",0.0969,0.024,0.0298,0.0448,0.1332,5e-04,2.21,21.73,22.09,"2008","03","18"
"102",319,2008-03-18,"Goodwin's","Offshore","E1",0.0565,0.0171,0.0183,0.0233,0.0791,5e-04,17.61,17.49,17.51,"2008","03","18"
"103",319,2008-03-18,"Goodwin's","Blank","Blank",-0.000166666666666667,-6.66666666666667e-05,-3.33333333333333e-05,-3.33333333333333e-05,-1e-04,-0.000133333333333333,NA,NA,NA,"2008","03","18"
"104",320,2008-04-14,"Goodwin's","Inshore","A1",0.038,0.012,0.01,0.012,0.044,0.001,22.1,22.36,22.23,"2008","04","14"
"105",320,2008-04-14,"Goodwin's","Inshore","B1",0.039,0.012,0.011,0.013,0.047,0,8.7,8.58,8.5,"2008","04","14"
"106",320,2008-04-14,"Goodwin's","Inshore","C1",0.08,0.025,0.02,0.024,0.089,0.001,47.1,47.02,47.29,"2008","04","14"
"107",320,2008-04-14,"Goodwin's","Inshore","D1",0.036,0.011,0.01,0.011,0.042,0,13.54,13.65,13.68,"2008","04","14"
"108",320,2008-04-14,"Goodwin's","Inshore","E1",0.038,0.012,0.009,0.01,0.038,0,18.39,18.51,18.61,"2008","04","14"
"109",321,2008-04-14,"Goodwin's","Offshore","A1",0.031,0.009,0.008,0.01,0.033,0,14.53,14.4,14.1,"2008","04","14"
"110",321,2008-04-14,"Goodwin's","Offshore","B1",0.021,0.006,0.005,0.006,0.023,0,16.52,16.24,16.68,"2008","04","14"
"111",321,2008-04-14,"Goodwin's","Offshore","C1",0.043,0.012,0.011,0.013,0.047,0,9.78,9.57,9.61,"2008","04","14"
"112",321,2008-04-14,"Goodwin's","Offshore","D1",0.031,0.009,0.008,0.009,0.032,0,15.09,14.59,14.5,"2008","04","14"
"113",321,2008-04-14,"Goodwin's","Offshore","E1",0.042,0.012,0.011,0.015,0.05,0,16.45,16.51,16.25,"2008","04","14"
"114",321,2008-04-14,"Goodwin's","Blank","Blank",0,0,0,0,0,0,NA,NA,NA,"2008","04","14"
"115",322,2008-05-15,"Goodwin's","Inshore","A1",0.164,0.047,0.038,0.047,0.17,0.001,49.5,49.3,49.92,"2008","05","15"
"116",322,2008-05-15,"Goodwin's","Inshore","B1",0.086,0.024,0.022,0.028,0.095,0.001,20.09,20.05,20.02,"2008","05","15"
"117",322,2008-05-15,"Goodwin's","Inshore","C1",0.073,0.019,0.018,0.023,0.077,0.001,25.28,25.37,25.61,"2008","05","15"
"118",322,2008-05-15,"Goodwin's","Inshore","D1",0.132,0.037,0.033,0.041,0.146,0.001,36.49,36.63,36.43,"2008","05","15"
"119",322,2008-05-15,"Goodwin's","Inshore","E1",0.06,0.017,0.016,0.021,0.071,0.001,12.75,12.75,12.95,"2008","05","15"
"120",323,2008-05-15,"Goodwin's","Offshore","A1",0.171,0.045,0.041,0.053,0.183,0.001,35.11,35.24,35.18,"2008","05","15"
"121",323,2008-05-15,"Goodwin's","Offshore","B1",0.114,0.031,0.027,0.034,0.117,0.001,28.43,28.33,28.3,"2008","05","15"
"122",323,2008-05-15,"Goodwin's","Offshore","C1",0.079,0.022,0.022,0.027,0.094,0.001,15.56,15.28,15.76,"2008","05","15"
"123",323,2008-05-15,"Goodwin's","Offshore","D1",0.124,0.033,0.033,0.043,0.142,0.001,32.94,33.51,33.29,"2008","05","15"
"124",323,2008-05-15,"Goodwin's","Offshore","E1",0.087,0.023,0.02,0.024,0.087,0.001,27.76,27.81,27.71,"2008","05","15"
"125",323,2008-05-15,"Goodwin's","Blank","Blank",0,0,0.001,0.001,0.001,0,NA,NA,NA,"2008","05","15"
"126",324,2008-06-11,"Goodwin's","Inshore","A1",0.38,0.111,0.095,0.126,0.419,0.003,21.61,21.59,21.58,"2008","06","11"
"127",324,2008-06-11,"Goodwin's","Inshore","B1",1.013,0.295,0.23,0.289,0.984,0.006,35.6,35.54,35.64,"2008","06","11"
"128",324,2008-06-11,"Goodwin's","Inshore","C1",0.797,0.226,0.194,0.249,0.855,0.005,45.13,45.72,45.23,"2008","06","11"
"129",324,2008-06-11,"Goodwin's","Inshore","D1",0.448,0.128,0.109,0.145,0.48,0.004,28.5,28.44,28.65,"2008","06","11"
"130",324,2008-06-11,"Goodwin's","Inshore","E1",0.183,0.055,0.048,0.062,0.195,0.005,21.56,21.18,21.35,"2008","06","11"
"131",325,2008-06-11,"Goodwin's","Offshore","A1",0.132,0.043,0.033,0.041,0.137,0.004,11.91,11.91,12.05,"2008","06","11"
"132",325,2008-06-11,"Goodwin's","Offshore","B1",1.304,0.382,0.312,0.385,1.363,0.007,39.84,39.73,39.96,"2008","06","11"
"133",325,2008-06-11,"Goodwin's","Offshore","C1",0.343,0.099,0.083,0.111,0.355,0.005,30.59,30.69,30.71,"2008","06","11"
"134",325,2008-06-11,"Goodwin's","Offshore","D1",0.793,0.23,0.201,0.27,0.866,0.007,47.36,47.67,47.61,"2008","06","11"
"135",325,2008-06-11,"Goodwin's","Offshore","E1",0.838,0.241,0.203,0.272,0.898,0.007,33.28,33.42,33.34,"2008","06","11"
"136",325,2008-06-11,"Goodwin's","Blank","Blank",0.007,0.005,0.005,0.005,0.007,0.003,NA,NA,NA,"2008","06","11"
"137",326,2008-07-16,"Goodwin's","Inshore","A1",0.038,0.011,0.009,0.013,0.038,0,14.3,14.24,14.33,"2008","07","16"
"138",326,2008-07-16,"Goodwin's","Inshore","B1",0.074,0.023,0.016,0.021,0.07,0.001,23.71,23.97,23.95,"2008","07","16"
"139",326,2008-07-16,"Goodwin's","Inshore","C1",0.047,0.013,0.01,0.014,0.043,0,12.29,12.22,12.24,"2008","07","16"
"140",326,2008-07-16,"Goodwin's","Inshore","D1",0.094,0.027,0.024,0.032,0.101,0,22.8,23.16,22.99,"2008","07","16"
"141",326,2008-07-16,"Goodwin's","Inshore","E1",0.037,0.012,0.011,0.017,0.04,0.003,16.98,16.91,16.92,"2008","07","16"
"142",327,2008-07-16,"Goodwin's","Offshore","A1",0.081,0.024,0.018,0.022,0.078,0,25.29,25.45,25.28,"2008","07","16"
"143",327,2008-07-16,"Goodwin's","Offshore","B1",0.049,0.015,0.011,0.013,0.046,0,11.76,11.67,11.53,"2008","07","16"
"144",327,2008-07-16,"Goodwin's","Offshore","C1",0.064,0.019,0.014,0.019,0.061,0,39.84,38.98,38.79,"2008","07","16"
"145",327,2008-07-16,"Goodwin's","Offshore","D1",0.052,0.015,0.011,0.016,0.049,0,15.4,15.31,15.39,"2008","07","16"
"146",327,2008-07-16,"Goodwin's","Offshore","E1",0.039,0.012,0.007,0.009,0.031,0,19.72,19.62,19.59,"2008","07","16"
"147",328,2008-08-12,"Goodwin's","Inshore","A1",0.268,0.078,0.053,0.063,0.233,0.001,17.08,17.16,17.15,"2008","08","12"
"148",328,2008-08-12,"Goodwin's","Inshore","B1",0.151,0.044,0.032,0.041,0.135,0.001,10.27,10.26,10.22,"2008","08","12"
"149",328,2008-08-12,"Goodwin's","Inshore","C1",0.088,0.026,0.023,0.034,0.087,0.005,10.09,10.19,10.18,"2008","08","12"
"150",328,2008-08-12,"Goodwin's","Inshore","D1",0.072,0.021,0.015,0.017,0.061,0,12.1,12.09,12.63,"2008","08","12"
"151",328,2008-08-12,"Goodwin's","Inshore","E1",0.119,0.036,0.03,0.042,0.11,0.007,14.33,13.86,13.89,"2008","08","12"
"152",329,2008-08-12,"Goodwin's","Offshore","A1",0.255,0.073,0.057,0.073,0.25,0,15.11,15.2,15.18,"2008","08","12"
"153",329,2008-08-12,"Goodwin's","Offshore","B1",0.247,0.072,0.052,0.064,0.223,0.002,20.02,20.44,20.56,"2008","08","12"
"154",329,2008-08-12,"Goodwin's","Offshore","C1",0.066,0.021,0.016,0.019,0.06,0.006,14.39,14.2,14.66,"2008","08","12"
"155",329,2008-08-12,"Goodwin's","Offshore","D1",0.295,0.085,0.061,0.074,0.25,0.004,21.54,21.6,21.64,"2008","08","12"
"156",329,2008-08-12,"Goodwin's","Offshore","E1",0.212,0.059,0.042,0.051,0.181,0.001,20.83,20.91,20.87,"2008","08","12"
"157",330,2008-10-06,"Goodwin's","Inshore","A1",0.373,0.113,0.079,0.091,0.338,0.002,24.02,24.01,23.08,"2008","10","06"
"158",330,2008-10-06,"Goodwin's","Inshore","B1",0.664,0.202,0.141,0.161,0.602,0.002,46.82,47.23,46.78,"2008","10","06"
"159",330,2008-10-06,"Goodwin's","Inshore","C1",0.405,0.118,0.096,0.123,0.405,0.002,27.64,27.83,27.41,"2008","10","06"
"160",330,2008-10-06,"Goodwin's","Inshore","D1",0.321,0.097,0.068,0.083,0.296,0.002,16.66,16.53,16.19,"2008","10","06"
"161",330,2008-10-06,"Goodwin's","Inshore","E1",0.467,0.144,0.097,0.118,0.417,0.002,22.68,22.45,22.33,"2008","10","06"
"162",331,2008-10-06,"Goodwin's","Offshore","A1",0.299,0.084,0.071,0.094,0.298,0.001,19.86,20.02,20.16,"2008","10","06"
"163",331,2008-10-06,"Goodwin's","Offshore","B1",0.17,0.05,0.037,0.044,0.157,0.001,11.73,11.75,11.83,"2008","10","06"
"164",331,2008-10-06,"Goodwin's","Offshore","C1",0.331,0.098,0.074,0.078,0.296,0.001,11.73,11.68,11.6,"2008","10","06"
"165",331,2008-10-06,"Goodwin's","Offshore","D1",0.095,0.028,0.021,0.025,0.089,0,5.77,5.84,5.83,"2008","10","06"
"166",331,2008-10-06,"Goodwin's","Offshore","E1",0.332,0.089,0.084,0.124,0.367,0.001,25.67,25.55,25.73,"2008","10","06"
"167",331,2008-10-06,"Goodwin's","Blank","Blank",0.018,0.005,0.004,0.005,0.017,0,NA,NA,NA,"2008","10","06"
"168",332,2008-11-07,"Goodwin's","Inshore","A1",0.06,0.018,0.017,0.019,0.071,0,3.06,3.1,3.09,"2008","11","07"
"169",332,2008-11-07,"Goodwin's","Inshore","B1",0.099,0.03,0.027,0.032,0.118,0,11.58,11.52,11.51,"2008","11","07"
"170",332,2008-11-07,"Goodwin's","Inshore","C1",0.112,0.034,0.033,0.038,0.141,0,6.68,6.61,6.79,"2008","11","07"
"171",332,2008-11-07,"Goodwin's","Inshore","D1",0.048,0.015,0.014,0.017,0.061,0,4.28,4.28,4.31,"2008","11","07"
"172",332,2008-11-07,"Goodwin's","Inshore","E1",0.089,0.026,0.027,0.033,0.117,0,7.62,7.69,7.54,"2008","11","07"
"173",NA,2008-11-06,"Goodwin's","Offshore","A1",0.22,0.066,0.063,0.073,0.273,0.001,16.27,16.38,16.39,"2008","11","06"
"174",333,2008-11-07,"Goodwin's","Offshore","B1",0.119,0.036,0.033,0.037,0.14,0,16.83,17,16.36,"2008","11","07"
"175",333,2008-11-07,"Goodwin's","Offshore","C1",0.262,0.083,0.079,0.093,0.343,0.001,25.5,27.11,25.44,"2008","11","07"
"176",333,2008-11-07,"Goodwin's","Offshore","D1",0.278,0.083,0.08,0.092,0.344,0.001,23.8,23.95,24.12,"2008","11","07"
"177",333,2008-11-07,"Goodwin's","Offshore","E1",0.269,0.083,0.075,0.089,0.33,0.001,14.85,14.68,14.94,"2008","11","07"
"178",334,2009-03-25,"Goodwin's","Inshore","A1",0.0302,0.01,0.0089,0.0115,0.0403,-1e-04,12.5,12.48,12.51,"2009","03","25"
"179",334,2009-03-25,"Goodwin's","Inshore","B1",0.0247,0.0076,0.0071,0.0093,0.0319,0,10.64,10.73,10.6,"2009","03","25"
"180",334,2009-03-25,"Goodwin's","Inshore","C1",0.0344,0.0093,0.012,0.0171,0.0521,-1e-04,4.86,4.93,4.77,"2009","03","25"
"181",334,2009-03-25,"Goodwin's","Inshore","D1",0.0621,0.0187,0.0201,0.0251,0.0884,6e-04,6.85,7.04,6.88,"2009","03","25"
"182",334,2009-03-25,"Goodwin's","Inshore","E1",0.0184,0.0062,0.0056,0.0071,0.0236,4e-04,7.74,7.84,7.73,"2009","03","25"
"183",335,2009-03-25,"Goodwin's","Offshore","A1",0.0376,0.0088,0.0127,0.0209,0.0558,5e-04,12.75,12.84,12.81,"2009","03","25"
"184",335,2009-03-25,"Goodwin's","Offshore","B1",0.0049,0.0013,0.0018,0.0024,0.0074,2e-04,8.86,9.05,9.06,"2009","03","25"
"185",335,2009-03-25,"Goodwin's","Offshore","C1",0.0337,0.0098,0.0099,0.0129,0.0433,4e-04,7.67,7.81,7.74,"2009","03","25"
"186",335,2009-03-25,"Goodwin's","Offshore","D1",0.0969,0.024,0.0298,0.0448,0.1332,5e-04,10.93,10.81,10.93,"2009","03","25"
"187",335,2009-03-25,"Goodwin's","Offshore","E1",0.0565,0.0171,0.0183,0.0233,0.0791,5e-04,19.9,19.96,20.01,"2009","03","25"
"188",335,2009-03-25,"Goodwin's","Blank","Blank",0.0623666666666667,0.0169666666666667,0.0193333333333333,0.027,0.0852,0.000466666666666667,NA,NA,NA,"2009","03","25"
"189",336,2009-04-22,"Goodwin's","Inshore","A1",0.008,0.002,0.002,0.003,0.008,0.001,5.63,5.88,5.74,"2009","04","22"
"190",336,2009-04-22,"Goodwin's","Inshore","B1",0.016,0.004,0.003,0.005,0.014,0.001,19.18,18.84,19.91,"2009","04","22"
"191",336,2009-04-22,"Goodwin's","Inshore","C1",0.024,0.006,0.005,0.006,0.02,0.001,23.17,23.16,23.17,"2009","04","22"
"192",336,2009-04-22,"Goodwin's","Inshore","D1",0.038,0.01,0.007,0.01,0.031,0.001,35.5,35.49,35.54,"2009","04","22"
"193",336,2009-04-22,"Goodwin's","Inshore","E1",0.024,0.006,0.005,0.006,0.019,0.001,30.11,30.18,31.17,"2009","04","22"
"194",337,2009-04-22,"Goodwin's","Offshore","A1",0.018,0.005,0.005,0.007,0.02,0.001,6.46,6.52,6.7,"2009","04","22"
"195",337,2009-04-22,"Goodwin's","Offshore","B1",0.039,0.01,0.009,0.012,0.039,0.001,26.07,25.71,26.43,"2009","04","22"
"196",337,2009-04-22,"Goodwin's","Offshore","C1",0.021,0.006,0.005,0.007,0.023,0.001,17.03,17.09,17.32,"2009","04","22"
"197",337,2009-04-22,"Goodwin's","Offshore","D1",0.047,0.012,0.01,0.014,0.044,0.001,53.48,53.33,54.17,"2009","04","22"
"198",337,2009-04-22,"Goodwin's","Offshore","E1",0.031,0.009,0.008,0.01,0.033,0.001,18.67,18.71,19.22,"2009","04","22"
"199",338,2009-05-21,"Goodwin's","Inshore","A1",0.025,0.008,0.008,0.01,0.029,-0.001,43.15,43.46,43.31,"2009","05","21"
"200",338,2009-05-21,"Goodwin's","Inshore","B1",0.022,0.007,0.006,0.008,0.026,-0.001,33.46,33.57,33.41,"2009","05","21"
"201",338,2009-05-21,"Goodwin's","Inshore","C1",0.027,0.01,0.008,0.009,0.027,-0.001,58.63,58.73,58.99,"2009","05","21"
"202",338,2009-05-21,"Goodwin's","Inshore","D1",0.034,0.011,0.009,0.011,0.037,-0.001,41,41.23,40.94,"2009","05","21"
"203",338,2009-05-21,"Goodwin's","Inshore","E1",0.035,0.011,0.008,0.01,0.029,0,46.68,46.67,46.58,"2009","05","21"
"204",339,2009-05-21,"Goodwin's","Offshore","A1",0.098,0.03,0.025,0.029,0.107,0,46.03,45.88,45.73,"2009","05","21"
"205",339,2009-05-21,"Goodwin's","Offshore","B1",0.123,0.038,0.031,0.036,0.134,0,26.62,26.63,26.35,"2009","05","21"
"206",339,2009-05-21,"Goodwin's","Offshore","C1",0.056,0.017,0.016,0.019,0.068,0,21.33,21.41,21.37,"2009","05","21"
"207",339,2009-05-21,"Goodwin's","Offshore","D1",0.145,0.044,0.037,0.046,0.163,0,47.14,47.22,46.94,"2009","05","21"
"208",339,2009-05-21,"Goodwin's","Offshore","E1",0.117,0.037,0.032,0.04,0.135,0,78.62,78.68,78.35,"2009","05","21"
"209",339,2009-05-21,"Goodwin's","Blank","Blank",0,0,0,0,0,0,NA,NA,NA,"2009","05","21"
"210",340,2009-06-15,"Goodwin's","Inshore","A1",0.419,0.141,0.099,0.11,0.41,0.002,37.96,36.93,36.98,"2009","06","15"
"211",340,2009-06-15,"Goodwin's","Inshore","B1",0.506,0.175,0.133,0.141,0.537,0.003,50.39,49.9,49.98,"2009","06","15"
"212",340,2009-06-15,"Goodwin's","Inshore","C1",0.322,0.109,0.089,0.095,0.359,0.002,41.13,41.54,41.37,"2009","06","15"
"213",340,2009-06-15,"Goodwin's","Inshore","D1",0.383,0.129,0.108,0.12,0.441,0.002,49.35,49.51,49.39,"2009","06","15"
"214",340,2009-06-15,"Goodwin's","Inshore","E1",0.214,0.071,0.055,0.06,0.225,0.002,17.66,17.8,17.47,"2009","06","15"
"215",341,2009-06-15,"Goodwin's","Offshore","A1",0.699,0.216,0.175,0.212,0.719,0.002,67.99,70.45,70.47,"2009","06","15"
"216",341,2009-06-15,"Goodwin's","Offshore","B1",0.51,0.16,0.126,0.15,0.511,0.002,42.76,43.76,43.36,"2009","06","15"
"217",341,2009-06-15,"Goodwin's","Offshore","C1",0.477,0.156,0.121,0.138,0.484,0.003,64.06,64.6,63.72,"2009","06","15"
"218",341,2009-06-15,"Goodwin's","Offshore","D1",0.345,0.11,0.081,0.093,0.326,0.002,73.11,72.57,71.74,"2009","06","15"
"219",341,2009-06-15,"Goodwin's","Offshore","E1",0.371,0.116,0.086,0.098,0.345,0.002,85.32,86.39,86.09,"2009","06","15"
"220",341,2009-06-15,"Goodwin's","Blank","Blank",0,0,0,0,0,0,NA,NA,NA,"2009","06","15"
"221",342,2009-07-15,"Goodwin's","Inshore","A1",0.119,0.037,0.028,0.038,0.123,0.001,27.12,26.87,27.46,"2009","07","15"
"222",342,2009-07-15,"Goodwin's","Inshore","B1",0.083,0.029,0.022,0.029,0.094,0.001,38.56,38.28,38.27,"2009","07","15"
"223",342,2009-07-15,"Goodwin's","Inshore","C1",0.099,0.037,0.027,0.035,0.114,0.001,59.19,59.49,59.11,"2009","07","15"
"224",342,2009-07-15,"Goodwin's","Inshore","D1",0.271,0.078,0.066,0.098,0.288,0.001,46.74,46.73,46.81,"2009","07","15"
"225",342,2009-07-15,"Goodwin's","Inshore","E1",0.152,0.053,0.042,0.057,0.193,0.001,69.14,68.78,69.46,"2009","07","15"
"226",343,2009-07-15,"Goodwin's","Offshore","A1",0.132,0.043,0.034,0.042,0.148,0.001,28.68,29.05,28.5,"2009","07","15"
"227",343,2009-07-15,"Goodwin's","Offshore","B1",0.46,0.146,0.125,0.171,0.531,0.002,60.75,60.3,60.49,"2009","07","15"
"228",343,2009-07-15,"Goodwin's","Offshore","C1",0.157,0.051,0.053,0.072,0.222,0.001,26.63,26.53,26.97,"2009","07","15"
"229",343,2009-07-15,"Goodwin's","Offshore","D1",0.537,0.175,0.122,0.16,0.53,0.002,55.53,55.85,55.47,"2009","07","15"
"230",343,2009-07-15,"Goodwin's","Offshore","E1",0.293,0.094,0.068,0.089,0.295,0.002,56.39,56.28,56.02,"2009","07","15"
"231",343,2009-07-15,"Goodwin's","Blank","Blank",0,0,0,0,0,0,NA,NA,NA,"2009","07","15"
"232",344,2009-08-19,"Goodwin's","Inshore","A1",0.107,0.031,0.02,0.028,0.093,0,31.65,31.86,31.42,"2009","08","19"
"233",344,2009-08-19,"Goodwin's","Inshore","B1",0.033,0.009,0.007,0.012,0.033,0,12.4,12.36,12.2,"2009","08","19"
"234",344,2009-08-19,"Goodwin's","Inshore","C1",0.064,0.019,0.014,0.018,0.055,0,16.42,16.1,16.25,"2009","08","19"
"235",344,2009-08-19,"Goodwin's","Inshore","D1",0.106,0.029,0.021,0.03,0.093,0,36.72,36.59,36.87,"2009","08","19"
"236",344,2009-08-19,"Goodwin's","Inshore","E1",0.021,0.006,0.005,0.007,0.021,0,11.62,11.53,11.34,"2009","08","19"
"237",345,2009-08-19,"Goodwin's","Offshore","A1",0.064,0.017,0.013,0.019,0.057,0,26.43,26.73,26.23,"2009","08","19"
"238",345,2009-08-19,"Goodwin's","Offshore","B1",0.122,0.033,0.025,0.035,0.111,0,29.8,29.47,30.31,"2009","08","19"
"239",345,2009-08-19,"Goodwin's","Offshore","C1",0.091,0.026,0.018,0.026,0.081,0,22.92,22.74,22.51,"2009","08","19"
"240",345,2009-08-19,"Goodwin's","Offshore","D1",0.053,0.014,0.011,0.016,0.049,0,17.39,17.63,17.52,"2009","08","19"
"241",345,2009-08-19,"Goodwin's","Offshore","E1",0.044,0.011,0.01,0.016,0.044,0,20.46,20.2,20.25,"2009","08","19"
"242",345,2009-08-19,"Goodwin's","Blank","Blank",0,0,0,0,0,0,NA,NA,NA,"2009","08","19"
"243",346,2009-09-28,"Goodwin's","Inshore","A1",0.146,0.043,0.042,0.056,0.173,0.002,17.89,18.08,18.11,"2009","09","28"
"244",346,2009-09-28,"Goodwin's","Inshore","B1",0.121,0.037,0.031,0.038,0.122,0.004,17.38,17.22,17.11,"2009","09","28"
"245",346,2009-09-28,"Goodwin's","Inshore","C1",0.104,0.033,0.028,0.035,0.109,0.003,16.4,16.29,16.53,"2009","09","28"
"246",346,2009-09-28,"Goodwin's","Inshore","D1",0.118,0.035,0.035,0.046,0.14,0.001,14.13,14.23,14.37,"2009","09","28"
"247",346,2009-09-28,"Goodwin's","Inshore","E1",NA,NA,NA,NA,NA,NA,NA,NA,NA,"2009","09","28"
"248",347,2009-09-28,"Goodwin's","Offshore","A1",0.221,0.07,0.071,0.086,0.283,0.006,25.68,25.64,25.63,"2009","09","28"
"249",NA,2009-09-28,"Goodwin's","Offshore","B1",0.228,0.072,0.082,0.107,0.321,0.008,12.66,12.76,12.78,"2009","09","28"
"250",NA,2009-09-28,"Goodwin's","Offshore","C1",0.251,0.083,0.088,0.111,0.334,0.01,19.24,18.84,18.86,"2009","09","28"
"251",NA,2009-09-28,"Goodwin's","Offshore","D1",0.396,0.12,0.131,0.175,0.562,0.003,40.73,40.53,40.29,"2009","09","28"
"252",NA,2009-09-28,"Goodwin's","Offshore","E1",0.244,0.071,0.081,0.107,0.341,0.002,13.4,13.43,13.38,"2009","09","28"
"253",348,2009-10-12,"Goodwin's","Inshore","A1",0.357,0.119,0.097,0.119,0.41,0.003,16.67,17.1,16.77,"2009","10","12"
"254",NA,2009-10-12,"Goodwin's","Inshore","B1",0.386,0.123,0.104,0.137,0.445,0.003,30.6,30.05,30.18,"2009","10","12"
"255",NA,2009-10-12,"Goodwin's","Inshore","C1",0.188,0.066,0.05,0.063,0.214,0.002,18.51,18.73,18.86,"2009","10","12"
"256",NA,2009-10-12,"Goodwin's","Inshore","D1",0.502,0.173,0.133,0.164,0.565,0.004,25.24,24.71,24.57,"2009","10","12"
"257",NA,2009-10-12,"Goodwin's","Inshore","E1",0.173,0.056,0.049,0.066,0.207,0.002,18.86,19.08,19.36,"2009","10","12"
"258",349,2009-10-12,"Goodwin's","Offshore","A1",0.184,0.057,0.059,0.072,0.252,0.002,26.27,26.56,26.2,"2009","10","12"
"259",NA,2009-10-12,"Goodwin's","Offshore","B1",0.475,0.142,0.144,0.176,0.615,0.002,34.4,34.42,34.24,"2009","10","12"
"260",NA,2009-10-12,"Goodwin's","Offshore","C1",0.331,0.11,0.092,0.113,0.4,0.002,33.36,33.04,32.81,"2009","10","12"
"261",NA,2009-10-12,"Goodwin's","Offshore","D1",0.116,0.038,0.032,0.038,0.138,0.001,19.01,18.62,18.6,"2009","10","12"
"262",NA,2009-10-12,"Goodwin's","Offshore","E1",0.329,0.105,0.102,0.125,0.43,0.002,19.28,19.63,19.46,"2009","10","12"
"263",350,2009-11-16,"Goodwin's","Inshore","A1",0.067,0.02,0.022,0.028,0.095,0,9.22,9.22,9.25,"2009","11","16"
"264",NA,2009-11-16,"Goodwin's","Inshore","B1",0.132,0.043,0.043,0.054,0.189,0.001,10.08,10.19,10.09,"2009","11","16"
"265",NA,2009-11-16,"Goodwin's","Inshore","C1",0.167,0.052,0.049,0.065,0.217,0,20.84,21.2,20.88,"2009","11","16"
"266",NA,2009-11-16,"Goodwin's","Inshore","D1",0.101,0.031,0.034,0.042,0.147,0,29.35,28.55,28.62,"2009","11","16"
"267",NA,2009-11-16,"Goodwin's","Inshore","E1",0.068,0.021,0.023,0.029,0.099,0,6.42,6.4,6.5,"2009","11","16"
"268",351,2009-11-16,"Goodwin's","Offshore","A1",0.031,0.01,0.012,0.015,0.051,0,10.22,10.09,10.07,"2009","11","16"
"269",NA,2009-11-16,"Goodwin's","Offshore","B1",0.056,0.02,0.019,0.025,0.083,0,25.1,24.68,25.4,"2009","11","16"
"270",NA,2009-11-16,"Goodwin's","Offshore","C1",0.062,0.02,0.021,0.027,0.089,0,32.3,32.39,32.57,"2009","11","16"
"271",NA,2009-11-16,"Goodwin's","Offshore","D1",0.107,0.033,0.033,0.043,0.144,0,33.37,33.95,33.43,"2009","11","16"
"272",NA,2009-11-16,"Goodwin's","Offshore","E1",0.033,0.01,0.012,0.016,0.051,0,19.53,19.56,19.64,"2009","11","16"
"273",NA,2009-11-16,"Goodwin's","Blank","Blank",0.001,0,0.001,0.001,0.001,0.002,NA,NA,NA,"2009","11","16"
"274",352,2010-03-23,"Goodwin's","Inshore","A1",0.001,0,0,0,0.001,0,4.5,4.67,4.58,"2010","03","23"
"275",NA,2010-03-23,"Goodwin's","Inshore","B1",0.017,0.005,0.004,0.005,0.017,0,26.31,26.46,26.34,"2010","03","23"
"276",NA,2010-03-23,"Goodwin's","Inshore","C1",0.004,0.001,0.001,0.001,0.004,0,16.18,16.09,16,"2010","03","23"
"277",NA,2010-03-23,"Goodwin's","Inshore","D1",0.003,0.001,0.001,0.001,0.003,0,11.83,13.34,12.07,"2010","03","23"
"278",NA,2010-03-23,"Goodwin's","Inshore","E1",0.017,0.005,0.004,0.006,0.019,0,18.53,17.08,17.13,"2010","03","23"
"279",353,2010-03-23,"Goodwin's","Offshore","A1",0.003,0.001,0.001,0.001,0.003,0,13.28,13.17,13.27,"2010","03","23"
"280",NA,2010-03-23,"Goodwin's","Offshore","B1",0.003,0.001,0.001,0.001,0.003,0,21.52,21.68,21.63,"2010","03","23"
"281",NA,2010-03-23,"Goodwin's","Offshore","C1",0,0,0,0,0.001,0,4.3,4.32,4.24,"2010","03","23"
"282",NA,2010-03-23,"Goodwin's","Offshore","D1",0.001,0,0,0.001,0.002,0,2.4,2.4,2.39,"2010","03","23"
"283",NA,2010-03-23,"Goodwin's","Offshore","E1",0.002,0.001,0,0.001,0.002,0,5.78,5.85,5.87,"2010","03","23"
"284",NA,2010-03-23,"Goodwin's","Blank","Blank",0,0,0,0,0,0,NA,NA,NA,"2010","03","23"
"285",354,2010-04-20,"Goodwin's","Inshore","A1",0.05,0.011,0.01,0.015,0.045,0,44.02,43.54,44.54,"2010","04","20"
"286",NA,2010-04-20,"Goodwin's","Inshore","B1",0.014,0.003,0.003,0.005,0.014,0,20.06,19.71,19.59,"2010","04","20"
"287",NA,2010-04-20,"Goodwin's","Inshore","C1",0.047,0.01,0.01,0.018,0.047,0,27.08,27.52,27.22,"2010","04","20"
"288",NA,2010-04-20,"Goodwin's","Inshore","D1",0.017,0.005,0.004,0.006,0.018,0,30.65,30.32,30.43,"2010","04","20"
"289",NA,2010-04-20,"Goodwin's","Inshore","E1",0.015,0.004,0.003,0.005,0.016,0,9.61,9.46,9.39,"2010","04","20"
"290",355,2010-04-20,"Goodwin's","Offshore","A1",0.011,0.003,0.003,0.004,0.013,0,12.15,11.99,11.62,"2010","04","20"
"291",NA,2010-04-20,"Goodwin's","Offshore","B1",0.012,0.004,0.003,0.004,0.013,0,35.33,35.14,35.25,"2010","04","20"
"292",NA,2010-04-20,"Goodwin's","Offshore","C1",0.023,0.006,0.006,0.009,0.026,0,27.06,26.89,27.19,"2010","04","20"
"293",NA,2010-04-20,"Goodwin's","Offshore","D1",0.015,0.005,0.005,0.007,0.02,0,23.82,23.95,24.08,"2010","04","20"
"294",NA,2010-04-20,"Goodwin's","Offshore","E1",0.037,0.009,0.008,0.013,0.038,0,42.81,42.86,43.1,"2010","04","20"
"295",NA,2010-04-20,"Goodwin's","Blank","Blank",0,0,0,0,0,0,NA,NA,NA,"2010","04","20"
"296",356,2010-05-11,"Goodwin's","Inshore","A1",0.116,0.026,0.021,0.029,0.093,0.001,NA,NA,NA,"2010","05","11"
"297",NA,2010-05-11,"Goodwin's","Inshore","B1",0.048,0.012,0.009,0.012,0.041,0,33.81,33.97,33.76,"2010","05","11"
"298",NA,2010-05-11,"Goodwin's","Inshore","C1",0.065,0.016,0.012,0.017,0.054,0.001,38.59,38.12,38.36,"2010","05","11"
"299",NA,2010-05-11,"Goodwin's","Inshore","D1",0.037,0.009,0.007,0.009,0.03,0,35.52,35.24,35.67,"2010","05","11"
"300",NA,2010-05-11,"Goodwin's","Inshore","E1",0.079,0.023,0.012,0.017,0.058,0.001,30.31,30.39,30.65,"2010","05","11"
"301",357,2010-05-11,"Goodwin's","Offshore","A1",0.045,0.011,0.009,0.012,0.04,0,82.92,83.67,83.93,"2010","05","11"
"302",NA,2010-05-11,"Goodwin's","Offshore","B1",0.195,0.046,0.039,0.055,0.175,0.001,68.61,67.6,67.72,"2010","05","11"
"303",NA,2010-05-11,"Goodwin's","Offshore","C1",0.049,0.012,0.01,0.014,0.045,0,23.05,24.45,23.98,"2010","05","11"
"304",NA,2010-05-11,"Goodwin's","Offshore","D1",0.062,0.016,0.012,0.015,0.052,0.001,56.55,57.62,57.28,"2010","05","11"
"305",NA,2010-05-11,"Goodwin's","Offshore","E1",0.071,0.031,0.012,0.016,0.055,0.001,60.95,60.98,60.9,"2010","05","11"
"306",NA,2010-05-11,"Goodwin's","Blank","Blank",0,0,0,0.001,0.001,0,NA,NA,NA,"2010","05","11"
"307",358,2010-06-21,"Goodwin's","Inshore","A1",0.343,0.093,0.072,0.093,0.328,0.001,36.63,36.44,36.63,"2010","06","21"
"308",NA,2010-06-21,"Goodwin's","Inshore","B1",0.689,0.185,0.129,0.159,0.604,0.002,29.8,30.36,30.53,"2010","06","21"
"309",NA,2010-06-21,"Goodwin's","Inshore","C1",0.476,0.13,0.09,0.112,0.419,0.002,42.04,41.58,41.73,"2010","06","21"
"310",NA,2010-06-21,"Goodwin's","Inshore","D1",2.635,0.754,0.495,0.55,2.107,0.005,73.56,73.56,73.49,"2010","06","21"
"311",NA,2010-06-21,"Goodwin's","Inshore","E1",0.751,0.203,0.145,0.178,0.672,0.002,24.22,22.96,22.96,"2010","06","21"
"312",359,2010-06-21,"Goodwin's","Offshore","A1",0.651,0.195,0.145,0.178,0.64,0.003,49.4,49.2,49.3,"2010","06","21"
"313",NA,2010-06-21,"Goodwin's","Offshore","B1",0.494,0.146,0.112,0.137,0.497,0.002,30.56,31.21,31.59,"2010","06","21"
"314",NA,2010-06-21,"Goodwin's","Offshore","C1",0.978,0.277,0.198,0.24,0.885,0.004,64.3,63.5,64,"2010","06","21"
"315",NA,2010-06-21,"Goodwin's","Offshore","D1",1.793,0.501,0.377,0.506,1.653,0.006,80.09,81.3,80.84,"2010","06","21"
"316",NA,2010-06-21,"Goodwin's","Offshore","E1",0.721,0.209,0.155,0.192,0.694,0.003,58.13,58.87,58.35,"2010","06","21"
"317",NA,2010-06-21,"Goodwin's","Blank","Blank",0,0,0,0,0,0,NA,NA,NA,"2010","06","21"
"318",360,2010-08-06,"Goodwin's","Inshore","A1",0.017,0.005,0.005,0.007,0.019,0,16.41,16.39,16.13,"2010","08","06"
"319",NA,2010-08-06,"Goodwin's","Inshore","B1",0.035,0.011,0.008,0.011,0.032,0,18.682,18.59,18.48,"2010","08","06"
"320",NA,2010-08-06,"Goodwin's","Inshore","C1",0.02,0.006,0.004,0.006,0.017,0,15.2,15.39,15.43,"2010","08","06"
"321",NA,2010-08-06,"Goodwin's","Inshore","D1",0.005,0.002,0.002,0.003,0.005,0,4.63,4.56,4.67,"2010","08","06"
"322",NA,2010-08-06,"Goodwin's","Inshore","E1",0.011,0.004,0.003,0.004,0.011,0,11.51,11.56,11.45,"2010","08","06"
"323",361,2010-08-06,"Goodwin's","Offshore","A1",0.129,0.041,0.032,0.041,0.137,0.001,43.91,43.51,43.68,"2010","08","06"
"324",NA,2010-08-06,"Goodwin's","Offshore","B1",0.02,0.006,0.006,0.008,0.022,0,8.42,8.55,8.76,"2010","08","06"
"325",NA,2010-08-06,"Goodwin's","Offshore","C1",0.054,0.017,0.014,0.019,0.056,0,12.15,12.17,12.21,"2010","08","06"
"326",NA,2010-08-06,"Goodwin's","Offshore","D1",0.025,0.009,0.006,0.008,0.024,0,8.33,8.28,8.36,"2010","08","06"
"327",NA,2010-08-06,"Goodwin's","Offshore","E1",0.114,0.035,0.025,0.033,0.104,0,24.8,25.12,24.9,"2010","08","06"
"328",NA,2010-08-06,"Goodwin's","Blank","Blank",0.006,0.002,0.002,0.002,0.005,0,NA,NA,NA,"2010","08","06"
"329",362,2010-09-21,"Goodwin's","Inshore","A1",0.137,0.041,0.036,0.042,0.152,0,2.97,2.84,2.89,"2010","09","21"
"330",NA,2010-09-21,"Goodwin's","Inshore","B1",0.143,0.042,0.036,0.043,0.152,0,8.01,7.8,7.61,"2010","09","21"
"331",NA,2010-09-21,"Goodwin's","Inshore","C1",0.097,0.028,0.024,0.027,0.098,0,8.16,8.3,8.36,"2010","09","21"
"332",NA,2010-09-21,"Goodwin's","Inshore","D1",0.066,0.018,0.016,0.019,0.066,0,3.01,3.12,2.95,"2010","09","21"
"333",NA,2010-09-21,"Goodwin's","Inshore","E1",0.051,0.015,0.013,0.015,0.051,0,5.15,5.17,5.22,"2010","09","21"
"334",363,2010-09-21,"Goodwin's","Offshore","A1",0.041,0.012,0.01,0.012,0.041,0,3.26,3.24,3.35,"2010","09","21"
"335",NA,2010-09-21,"Goodwin's","Offshore","B1",0.043,0.012,0.011,0.013,0.045,0,3.12,3.24,3.29,"2010","09","21"
"336",NA,2010-09-21,"Goodwin's","Offshore","C1",0.063,0.018,0.015,0.017,0.059,0,5.22,5.44,5.48,"2010","09","21"
"337",NA,2010-09-21,"Goodwin's","Offshore","D1",0.059,0.017,0.015,0.019,0.063,0,3.15,3.37,3.34,"2010","09","21"
"338",NA,2010-09-21,"Goodwin's","Offshore","E1",0.027,0.008,0.007,0.009,0.028,0,5.63,5.81,5.7,"2010","09","21"
"339",NA,2010-09-21,"Goodwin's","Blank","Blank",0.001,0,0.001,0.002,0.002,0,NA,NA,NA,"2010","09","21"
"340",364,2010-10-18,"Goodwin's","Inshore","A1",0.353,0.101,0.083,0.102,0.373,0.001,9.51,9.52,9.51,"2010","10","18"
"341",NA,2010-10-18,"Goodwin's","Inshore","B1",0.632,0.186,0.145,0.176,0.653,0.001,10.69,10.65,10.7,"2010","10","18"
"342",NA,2010-10-18,"Goodwin's","Inshore","C1",0.546,0.159,0.126,0.157,0.568,0.001,5.96,5.99,5.98,"2010","10","18"
"343",NA,2010-10-18,"Goodwin's","Inshore","D1",0.492,0.141,0.115,0.141,0.52,0.001,10.76,11.06,10.66,"2010","10","18"
"344",NA,2010-10-18,"Goodwin's","Inshore","E1",0.699,0.202,0.166,0.206,0.741,0.001,10.5,10.61,10.7,"2010","10","18"
"345",365,2010-10-18,"Goodwin's","Offshore","A1",0.481,0.147,0.116,0.142,0.515,0.001,4.1,4.54,4.51,"2010","10","18"
"346",NA,2010-10-18,"Goodwin's","Offshore","B1",0.482,0.142,0.112,0.139,0.491,0.001,2.78,2.81,2.81,"2010","10","18"
"347",NA,2010-10-18,"Goodwin's","Offshore","C1",0.522,0.152,0.121,0.156,0.542,0.001,2.34,2.23,2.13,"2010","10","18"
"348",NA,2010-10-18,"Goodwin's","Offshore","D1",0.429,0.123,0.099,0.124,0.445,0.001,4.93,5.12,4.95,"2010","10","18"
"349",NA,2010-10-18,"Goodwin's","Offshore","E1",0.348,0.098,0.081,0.102,0.363,0.001,5.51,5.49,5.35,"2010","10","18"
"350",NA,2010-10-18,"Goodwin's","Blank","Blank",0.016,0.005,0.005,0.006,0.017,0.001,NA,NA,NA,"2010","10","18"
"351",366,2011-03-29,"Goodwin's","Inshore","A1",0.003,0.001,0.002,0.002,0.006,0,15.97,16.03,16.13,"2011","03","29"
"352",NA,2011-03-29,"Goodwin's","Inshore","B1",0.002,0.001,0.001,0.002,0.004,0,20.67,19.59,19.46,"2011","03","29"
"353",NA,2011-03-29,"Goodwin's","Inshore","C1",0.003,0.001,0.001,0.002,0.005,0,5.54,5.54,5.64,"2011","03","29"
"354",NA,2011-03-29,"Goodwin's","Inshore","D1",0.003,0.001,0.002,0.002,0.006,0,7.74,7.85,7.73,"2011","03","29"
"355",NA,2011-03-29,"Goodwin's","Inshore","E1",0.001,0,0,0.001,0.002,0,3.86,3.8,3.84,"2011","03","29"
"356",367,2011-03-29,"Goodwin's","Offshore","A1",0.008,0.003,0.004,0.006,0.018,0,17.64,17.54,17.4,"2011","03","29"
"357",NA,2011-03-29,"Goodwin's","Offshore","B1",0.002,0.001,0.001,0.002,0.005,0,10.64,11.04,10.95,"2011","03","29"
"358",NA,2011-03-29,"Goodwin's","Offshore","C1",0.002,0.001,0.001,0.002,0.004,0,14.1,13.82,13.64,"2011","03","29"
"359",NA,2011-03-29,"Goodwin's","Offshore","D1",0.003,0.001,0.001,0.002,0.005,0,13.66,13.8,13.79,"2011","03","29"
"360",NA,2011-03-29,"Goodwin's","Offshore","E1",0.006,0.002,0.003,0.004,0.013,0,28.56,27.54,27.5,"2011","03","29"
"361",NA,2011-03-29,"Goodwin's","Blank","Blank",0,0,0,0,0,0,NA,NA,NA,"2011","03","29"
"362",368,2011-04-26,"Goodwin's","Inshore","A1",0.014,0.003,0.003,0.006,0.016,0,14.18,15.01,14.64,"2011","04","26"
"363",NA,2011-04-26,"Goodwin's","Inshore","B1",0.009,0.002,0.003,0.005,0.013,0,11.24,11.77,11.46,"2011","04","26"
"364",NA,2011-04-26,"Goodwin's","Inshore","C1",0.009,0.003,0.003,0.004,0.013,0,21.25,20.78,20.87,"2011","04","26"
"365",NA,2011-04-26,"Goodwin's","Inshore","D1",0.01,0.005,0.003,0.003,0.008,0.001,7.96,8.4,8.78,"2011","04","26"
"366",NA,2011-04-26,"Goodwin's","Inshore","E1",0.021,0.007,0.007,0.009,0.026,0,26.63,26.46,26.66,"2011","04","26"
"367",369,2011-04-26,"Goodwin's","Offshore","A1",0.036,0.012,0.008,0.01,0.034,0.001,28.79,27.43,27.13,"2011","04","26"
"368",NA,2011-04-26,"Goodwin's","Offshore","B1",0.008,0.003,0.002,0.003,0.009,0,12.56,12.55,12.56,"2011","04","26"
"369",NA,2011-04-26,"Goodwin's","Offshore","C1",0.038,0.008,0.012,0.024,0.054,0.001,16.03,16.27,16.04,"2011","04","26"
"370",NA,2011-04-26,"Goodwin's","Offshore","D1",0.017,0.006,0.006,0.009,0.023,0.001,12.24,11.81,12.28,"2011","04","26"
"371",NA,2011-04-26,"Goodwin's","Offshore","E1",0.025,0.005,0.008,0.015,0.034,0,11.27,11.23,11.35,"2011","04","26"
"372",NA,2011-04-26,"Goodwin's","Blank","Blank",0,0,0,0,0,0,NA,NA,NA,"2011","04","26"
"373",370,2011-05-26,"Goodwin's","Inshore","A1",0.024,0.007,0.006,0.008,0.026,0,16.67,17.02,16.89,"2011","05","26"
"374",NA,2011-05-26,"Goodwin's","Inshore","B1",0.028,0.018,0.016,0.016,0.027,0.01,15.01,15.04,14.98,"2011","05","26"
"375",NA,2011-05-26,"Goodwin's","Inshore","C1",0.024,0.008,0.008,0.01,0.032,0.001,21.66,21.65,21.96,"2011","05","26"
"376",NA,2011-05-26,"Goodwin's","Inshore","D1",0.034,0.011,0.011,0.013,0.043,0.001,21.56,21.42,21.38,"2011","05","26"
"377",NA,2011-05-26,"Goodwin's","Inshore","E1",0.014,0.005,0.005,0.006,0.018,0,11.69,11.76,11.78,"2011","05","26"
"378",371,2011-05-26,"Goodwin's","Offshore","A1",0.016,0.005,0.004,0.005,0.017,0.001,21.75,21.77,21.66,"2011","05","26"
"379",NA,2011-05-26,"Goodwin's","Offshore","B1",0.04,0.012,0.01,0.013,0.043,0.001,24.05,24.34,24.17,"2011","05","26"
"380",NA,2011-05-26,"Goodwin's","Offshore","C1",0.03,0.01,0.009,0.011,0.038,0.001,23.39,23.14,23.28,"2011","05","26"
"381",NA,2011-05-26,"Goodwin's","Offshore","D1",0.031,0.01,0.008,0.01,0.033,0.001,41.08,40.75,40.87,"2011","05","26"
"382",NA,2011-05-26,"Goodwin's","Offshore","E1",0.015,0.005,0.004,0.005,0.016,0.001,19.34,19.16,19.38,"2011","05","26"
"383",NA,2011-05-26,"Goodwin's","Blank","Blank",0.001,0,0.001,0.001,0.001,0,NA,NA,NA,"2011","05","26"
"384",372,2011-07-12,"Goodwin's","Inshore","A1",0.976,0.294,0.212,0.245,0.909,0.005,51.5,51.09,53.07,"2011","07","12"
"385",NA,2011-07-12,"Goodwin's","Inshore","B1",0.696,0.208,0.152,0.176,0.639,0.003,12.49,12.36,12.51,"2011","07","12"
"386",NA,2011-07-12,"Goodwin's","Inshore","C1",1.002,0.303,0.214,0.242,0.906,0.005,21.35,21.56,21.63,"2011","07","12"
"387",NA,2011-07-12,"Goodwin's","Inshore","D1",0.637,0.2,0.151,0.173,0.574,0.004,34.05,34.3,34.18,"2011","07","12"
"388",NA,2011-07-12,"Goodwin's","Inshore","E1",0.66,0.197,0.156,0.184,0.643,0.003,26.5,26.54,26.7,"2011","07","12"
"389",373,2011-07-12,"Goodwin's","Offshore","A1",0.351,0.098,0.099,0.125,0.411,0.002,18.17,18.32,18.14,"2011","07","12"
"390",NA,2011-07-12,"Goodwin's","Offshore","B1",0.317,0.091,0.075,0.092,0.321,0.001,29.06,29.18,29.38,"2011","07","12"
"391",NA,2011-07-12,"Goodwin's","Offshore","C1",0.157,0.046,0.041,0.05,0.169,0.001,19.15,19.23,19.21,"2011","07","12"
"392",NA,2011-07-12,"Goodwin's","Offshore","D1",0.287,0.081,0.069,0.081,0.287,0.001,19.26,19.01,19.44,"2011","07","12"
"393",NA,2011-07-12,"Goodwin's","Offshore","E1",0.729,0.213,0.161,0.193,0.682,0.003,40.85,40.13,40.46,"2011","07","12"
"394",NA,2011-07-12,"Goodwin's","Blank","Blank",0,0,0,0,0,0,NA,NA,NA,"2011","07","12"
"395",374,2011-08-24,"Goodwin's","Inshore","A1",0.461,0.142,0.14,0.187,0.587,0.002,12.11,12.08,12.14,"2011","08","24"
"396",NA,2011-08-24,"Goodwin's","Inshore","B1",0.149,0.045,0.05,0.069,0.209,0.001,7.55,7.52,7.56,"2011","08","24"
"397",NA,2011-08-24,"Goodwin's","Inshore","C1",0.173,0.051,0.054,0.077,0.23,0.001,9.72,9.75,9.85,"2011","08","24"
"398",NA,2011-08-24,"Goodwin's","Inshore","D1",0.283,0.085,0.095,0.134,0.396,0.002,14.22,14.15,14.43,"2011","08","24"
"399",NA,2011-08-24,"Goodwin's","Inshore","E1",0.285,0.087,0.089,0.127,0.375,0.002,15.21,15.34,15.77,"2011","08","24"
"400",375,2011-08-24,"Goodwin's","Offshore","A1",0.333,0.102,0.091,0.12,0.401,0.002,10.45,10.88,10.37,"2011","08","24"
"401",NA,2011-08-24,"Goodwin's","Offshore","B1",0.085,0.025,0.029,0.039,0.119,0.001,5.96,5.93,5.89,"2011","08","24"
"402",NA,2011-08-24,"Goodwin's","Offshore","C1",0.391,0.119,0.12,0.164,0.513,0.002,9.86,9.94,9.87,"2011","08","24"
"403",NA,2011-08-24,"Goodwin's","Offshore","D1",0.463,0.135,0.139,0.197,0.582,0.002,13.65,14.38,13.56,"2011","08","24"
"404",NA,2011-08-24,"Goodwin's","Offshore","E1",0.236,0.071,0.074,0.106,0.308,0.002,13.13,12.77,12.72,"2011","08","24"
"405",376,2011-09-27,"Goodwin's","Inshore","A1",0.332,0.102,0.101,0.119,0.421,0.001,9.15,9.39,9.19,"2011","09","27"
"406",NA,2011-09-27,"Goodwin's","Inshore","B1",0.232,0.066,0.068,0.089,0.286,0.001,3.79,3.96,3.91,"2011","09","27"
"407",NA,2011-09-27,"Goodwin's","Inshore","C1",0.645,0.196,0.176,0.198,0.733,0.001,6.95,6.83,6.98,"2011","09","27"
"408",NA,2011-09-27,"Goodwin's","Inshore","D1",0.592,0.183,0.162,0.183,0.673,0.002,6.86,6.88,6.95,"2011","09","27"
"409",NA,2011-09-27,"Goodwin's","Inshore","E1",0.232,0.072,0.067,0.076,0.28,0.001,5.41,5.4,5.53,"2011","09","27"
"410",377,2011-09-27,"Goodwin's","Offshore","A1",0.156,0.05,0.042,0.047,0.174,0.001,3.73,3.82,4.11,"2011","09","27"
"411",NA,2011-09-27,"Goodwin's","Offshore","B1",0.397,0.122,0.115,0.133,0.481,0.001,8.28,8.54,8.85,"2011","09","27"
"412",NA,2011-09-27,"Goodwin's","Offshore","C1",0.184,0.055,0.049,0.056,0.206,0,5.55,5.43,5.32,"2011","09","27"
"413",NA,2011-09-27,"Goodwin's","Offshore","D1",0.394,0.122,0.111,0.126,0.463,0.001,10.35,10.34,10.39,"2011","09","27"
"414",NA,2011-09-27,"Goodwin's","Offshore","E1",0.309,0.094,0.081,0.086,0.327,0.001,6.42,6.45,6.86,"2011","09","27"
"415",378,2011-11-21,"Goodwin's","Inshore","A1",1.092,0.327,0.258,0.268,1.013,0.002,12.79,13.71,12.56,"2011","11","21"
"416",NA,2011-11-21,"Goodwin's","Inshore","B1",0.374,0.112,0.093,0.099,0.368,0.001,9.07,9.36,9.15,"2011","11","21"
"417",NA,2011-11-21,"Goodwin's","Inshore","C1",0.923,0.275,0.223,0.239,0.89,0.002,17.07,16.43,17.37,"2011","11","21"
"418",NA,2011-11-21,"Goodwin's","Inshore","D1",1.259,0.383,0.312,0.341,1.247,0.003,22.62,22.08,21.89,"2011","11","21"
"419",NA,2011-11-21,"Goodwin's","Inshore","E1",0.978,0.291,0.234,0.247,0.935,0.002,14.89,14.44,14.53,"2011","11","21"
"420",379,2011-11-21,"Goodwin's","Offshore","A1",0.233,0.074,0.065,0.072,0.264,0.001,17.84,18.05,17.69,"2011","11","21"
"421",NA,2011-11-21,"Goodwin's","Offshore","B1",0.031,0.01,0.008,0.009,0.031,0,4.57,4.63,4.59,"2011","11","21"
"422",NA,2011-11-21,"Goodwin's","Offshore","C1",0.226,0.067,0.063,0.071,0.258,0.001,23.88,22.72,24.06,"2011","11","21"
"423",NA,2011-11-21,"Goodwin's","Offshore","D1",0.326,0.095,0.087,0.093,0.341,0.001,11.48,11.46,10.92,"2011","11","21"
"424",NA,2011-11-21,"Goodwin's","Offshore","E1",0.314,0.091,0.082,0.091,0.333,0.001,16.72,16.56,16.35,"2011","11","21"
"425",NA,2011-11-21,"Goodwin's","Blank","Blank",0.001,0,0,0,0.001,0,NA,NA,NA,"2011","11","21"
"426",380,2012-03-28,"Goodwin's","Inshore","A1",0.007,0.002,0.002,0.003,0.008,0,4.9,4.69,4.81,"2012","03","28"
"427",NA,2012-03-28,"Goodwin's","Inshore","B1",0.012,0.003,0.003,0.004,0.014,0,7.81,7.94,7.95,"2012","03","28"
"428",NA,2012-03-28,"Goodwin's","Inshore","C1",0.036,0.008,0.008,0.012,0.036,0,16.29,16.05,16.15,"2012","03","28"
"429",NA,2012-03-28,"Goodwin's","Inshore","D1",0.027,0.007,0.007,0.009,0.029,0,10.1,10.26,10.16,"2012","03","28"
"430",NA,2012-03-28,"Goodwin's","Inshore","E1",0.014,0.004,0.003,0.005,0.015,0,10.88,10.88,10.94,"2012","03","28"
"431",381,2012-03-28,"Goodwin's","Offshore","A1",0.021,0.005,0.005,0.006,0.021,0,23.46,22.44,22.63,"2012","03","28"
"432",NA,2012-03-28,"Goodwin's","Offshore","B1",0.033,0.009,0.008,0.01,0.034,0.001,21.59,21.55,21.45,"2012","03","28"
"433",NA,2012-03-28,"Goodwin's","Offshore","C1",0.032,0.008,0.007,0.01,0.032,0,25.72,25.79,25.59,"2012","03","28"
"434",NA,2012-03-28,"Goodwin's","Offshore","D1",0.038,0.01,0.009,0.012,0.04,0,33.44,33.25,33.93,"2012","03","28"
"435",NA,2012-03-28,"Goodwin's","Offshore","E1",0.026,0.007,0.006,0.008,0.027,0,23.65,23.8,23.78,"2012","03","28"
"436",382,2012-04-16,"Goodwin's","Inshore","A1",0.047,0.014,0.011,0.016,0.044,0.002,31.41,30.09,30.07,"2012","04","16"
"437",NA,2012-04-16,"Goodwin's","Inshore","B1",0.032,0.009,0.008,0.011,0.035,0.001,23.47,23.63,23.65,"2012","04","16"
"438",NA,2012-04-16,"Goodwin's","Inshore","C1",0.055,0.015,0.012,0.017,0.054,0.001,29.52,30.24,29.81,"2012","04","16"
"439",NA,2012-04-16,"Goodwin's","Inshore","D1",0.076,0.019,0.018,0.026,0.078,0.001,22.15,22.09,22.07,"2012","04","16"
"440",NA,2012-04-16,"Goodwin's","Inshore","E1",0.039,0.01,0.01,0.015,0.041,0.001,19.23,19.5,18.94,"2012","04","16"
"441",383,2012-04-16,"Goodwin's","Offshore","A1",0.064,0.014,0.014,0.023,0.061,0.001,25.55,25.53,26.95,"2012","04","16"
"442",NA,2012-04-16,"Goodwin's","Offshore","B1",0.081,0.02,0.015,0.021,0.067,0.001,64.59,65.79,65.11,"2012","04","16"
"443",NA,2012-04-16,"Goodwin's","Offshore","C1",0.1,0.021,0.021,0.036,0.095,0.001,49.09,49.88,49.11,"2012","04","16"
"444",NA,2012-04-16,"Goodwin's","Offshore","D1",0.051,0.013,0.01,0.014,0.043,0.001,23.86,24.71,23.83,"2012","04","16"
"445",NA,2012-04-16,"Goodwin's","Offshore","E1",0.042,0.01,0.009,0.014,0.038,0.001,20.73,21.62,21.23,"2012","04","16"
"446",384,2012-05-17,"Goodwin's","Inshore","A1",0.178,0.046,0.054,0.085,0.232,0.002,31.56,31.56,31.66,"2012","05","17"
"447",NA,2012-05-17,"Goodwin's","Inshore","B1",0.377,0.105,0.099,0.14,0.427,0.003,49.19,49.18,49.23,"2012","05","17"
"448",NA,2012-05-17,"Goodwin's","Inshore","C1",0.335,0.098,0.092,0.128,0.393,0.003,72.88,72.49,72.59,"2012","05","17"
"449",NA,2012-05-17,"Goodwin's","Inshore","D1",0.135,0.041,0.033,0.052,0.141,0.001,20.39,20.55,20.48,"2012","05","17"
"450",NA,2012-05-17,"Goodwin's","Inshore","E1",0.261,0.063,0.075,0.124,0.324,0.002,42.3,42.1,41.99,"2012","05","17"
"451",385,2012-05-17,"Goodwin's","Offshore","A1",0.129,0.036,0.037,0.055,0.159,0.001,37.94,37.52,37.79,"2012","05","17"
"452",NA,2012-05-17,"Goodwin's","Offshore","B1",0.123,0.035,0.038,0.059,0.162,0.001,40.5,40.55,40.56,"2012","05","17"
"453",NA,2012-05-17,"Goodwin's","Offshore","C1",0.188,0.055,0.059,0.08,0.246,0.002,44.92,44.53,45.1,"2012","05","17"
"454",NA,2012-05-17,"Goodwin's","Offshore","D1",0.176,0.052,0.058,0.079,0.24,0.002,33.32,33.29,33.3,"2012","05","17"
"455",NA,2012-05-17,"Goodwin's","Offshore","E1",0.106,0.031,0.033,0.045,0.133,0.002,57.5,57.08,57.19,"2012","05","17"
"456",NA,2012-05-17,"Goodwin's","Blank","Blank",0.013,0.003,0.005,0.007,0.018,0,NA,NA,NA,"2012","05","17"
"457",386,2012-06-18,"Goodwin's","Inshore","A1",0.119,0.036,0.033,0.041,0.135,0.002,47.23,47.32,47.56,"2012","06","18"
"458",NA,2012-06-18,"Goodwin's","Inshore","B1",0.402,0.126,0.109,0.14,0.459,0.004,87.9,87.26,85.36,"2012","06","18"
"459",NA,2012-06-18,"Goodwin's","Inshore","C1",0.349,0.116,0.087,0.103,0.359,0.004,72.2,71.63,71.36,"2012","06","18"
"460",NA,2012-06-18,"Goodwin's","Inshore","D1",0.067,0.021,0.019,0.023,0.075,0.002,19.93,19.56,19.72,"2012","06","18"
"461",NA,2012-06-18,"Goodwin's","Inshore","E1",0.177,0.057,0.048,0.059,0.198,0.002,38.31,38.44,38.37,"2012","06","18"
"462",387,2012-06-18,"Goodwin's","Offshore","A1",0.6,0.203,0.158,0.162,0.597,0.005,81.31,79.51,79.2,"2012","06","18"
"463",NA,2012-06-18,"Goodwin's","Offshore","B1",0.164,0.055,0.045,0.053,0.186,0.002,22.71,22.74,23.16,"2012","06","18"
"464",NA,2012-06-18,"Goodwin's","Offshore","C1",0.477,0.148,0.138,0.162,0.571,0.003,45.76,45.82,46.15,"2012","06","18"
"465",NA,2012-06-18,"Goodwin's","Offshore","D1",NA,NA,NA,NA,NA,NA,NA,NA,NA,"2012","06","18"
"466",NA,2012-06-18,"Goodwin's","Offshore","E1",0.057,0.018,0.019,0.025,0.077,0.002,18.34,18.56,18.74,"2012","06","18"
"467",NA,2012-06-18,"Goodwin's","Blank","Blank",0.012,0.005,0.005,0.006,0.015,0.001,NA,NA,NA,"2012","06","18"
"468",388,2012-08-07,"Goodwin's","Inshore","A1",0.181,0.055,0.044,0.063,0.187,0.002,22.15,22.16,22.93,"2012","08","07"
"469",NA,2012-08-07,"Goodwin's","Inshore","B1",0.067,0.022,0.016,0.021,0.065,0.002,11.66,11.77,12.13,"2012","08","07"
"470",NA,2012-08-07,"Goodwin's","Inshore","C1",0.065,0.019,0.016,0.022,0.067,0.002,11.04,10.98,11.81,"2012","08","07"
"471",NA,2012-08-07,"Goodwin's","Inshore","D1",0.183,0.054,0.041,0.057,0.176,0.002,27.03,26.84,28.42,"2012","08","07"
"472",NA,2012-08-07,"Goodwin's","Inshore","E1",0.162,0.053,0.033,0.041,0.144,0.002,24.5,25.29,25.15,"2012","08","07"
"473",389,2012-08-07,"Goodwin's","Offshore","A1",0.546,0.155,0.148,0.202,0.636,0.003,20.34,20.05,19.76,"2012","08","07"
"474",NA,2012-08-07,"Goodwin's","Offshore","B1",0.217,0.063,0.059,0.077,0.253,0.002,8.78,8.96,8.95,"2012","08","07"
"475",NA,2012-08-07,"Goodwin's","Offshore","C1",0.553,0.175,0.137,0.176,0.586,0.004,27.73,29.71,30.34,"2012","08","07"
"476",NA,2012-08-07,"Goodwin's","Offshore","D1",0.149,0.046,0.036,0.049,0.152,0.002,12.13,12.26,12.15,"2012","08","07"
"477",NA,2012-08-07,"Goodwin's","Offshore","E1",0.57,0.172,0.142,0.18,0.603,0.004,17.94,18.07,18.28,"2012","08","07"
"478",NA,2012-08-07,"Goodwin's","Blank","Blank",0.037,0.011,0.011,0.014,0.042,0.001,NA,NA,NA,"2012","08","07"
"479",390,2012-09-13,"Goodwin's","Inshore","A1",0.014,0.003,0.004,0.006,0.016,0,7.34,7.16,7.25,"2012","09","13"
"480",NA,2012-09-13,"Goodwin's","Inshore","B1",0.028,0.007,0.007,0.012,0.033,0,9.31,9.27,9.29,"2012","09","13"
"481",NA,2012-09-13,"Goodwin's","Inshore","C1",0.023,0.005,0.006,0.012,0.03,0,9.33,9.58,9.455,"2012","09","13"
"482",NA,2012-09-13,"Goodwin's","Inshore","D1",0.022,0.004,0.006,0.011,0.026,0,6.66,6.79,6.725,"2012","09","13"
"483",NA,2012-09-13,"Goodwin's","Inshore","E1",0.005,0.001,0.001,0.002,0.006,0,7.52,7.9,7.71,"2012","09","13"
"484",391,2012-09-13,"Goodwin's","Offshore","A1",0.021,0.005,0.005,0.008,0.025,0,13.06,13.13,13.095,"2012","09","13"
"485",NA,2012-09-13,"Goodwin's","Offshore","B1",0.025,0.006,0.006,0.009,0.028,0,12.24,12.67,12.455,"2012","09","13"
"486",NA,2012-09-13,"Goodwin's","Offshore","C1",0.021,0.005,0.005,0.009,0.025,0,12.63,12.14,12.385,"2012","09","13"
"487",NA,2012-09-13,"Goodwin's","Offshore","D1",0.005,0.001,0.001,0.002,0.007,0,6.58,6.21,6.395,"2012","09","13"
"488",NA,2012-11-20,"Goodwin's","Offshore","E1",0.004,0.001,0.001,0.001,0.005,0,9.89,9.3,9.595,"2012","11","20"
"489",NA,2012-11-20,"Goodwin's","Blank","Blank",0.001,0,0,0,0,0,NA,NA,NA,"2012","11","20"
"490",392,2012-11-20,"Goodwin's","Inshore","A1",0.317,0.1,0.13,0.175,0.543,0.001,30.94,29.29,29.74,"2012","11","20"
"491",NA,2012-11-20,"Goodwin's","Inshore","B1",0.293,0.086,0.111,0.145,0.474,0.001,23.75,24.02,23.98,"2012","11","20"
"492",NA,2012-11-20,"Goodwin's","Inshore","C1",0.122,0.038,0.054,0.07,0.233,0,11.47,11.52,11.54,"2012","11","20"
"493",NA,2012-11-20,"Goodwin's","Inshore","D1",0.165,0.046,0.061,0.083,0.271,0,13.22,13.05,12.93,"2012","11","20"
"494",NA,2012-11-20,"Goodwin's","Inshore","E1",0.09,0.028,0.041,0.056,0.18,0,12.81,12.9,12.7,"2012","11","20"
"495",393,2012-11-20,"Goodwin's","Offshore","A1",0.16,0.046,0.074,0.105,0.317,0,12.92,12.65,13,"2012","11","20"
"496",NA,2012-11-20,"Goodwin's","Offshore","B1",0.344,0.1,0.128,0.17,0.547,0.001,9.44,9.52,9.51,"2012","11","20"
"497",NA,2012-11-20,"Goodwin's","Offshore","C1",0.212,0.063,0.088,0.118,0.375,0,12.05,12.33,12.09,"2012","11","20"
"498",NA,2012-11-20,"Goodwin's","Offshore","D1",0.127,0.036,0.047,0.064,0.208,0,14.72,14.48,14.67,"2012","11","20"
"499",NA,2012-11-20,"Goodwin's","Offshore","E1",NA,NA,NA,NA,NA,NA,NA,NA,NA,"2012","11","20"
"500",NA,2012-11-20,"Goodwin's","Blank","Blank",0.008,0.002,0.003,0.004,0.013,0,NA,NA,NA,"2012","11","20"
"501",384,2013-04-18,"Goodwin's","Inshore","A1",0.016,0.004,0.004,0.006,0.017,0.001,6.04,5.97,6.34,"2013","04","18"
"502",NA,2013-04-18,"Goodwin's","Inshore","B1",0.023,0.015,0.012,0.012,0.019,0.009,12.13,12.12,12.44,"2013","04","18"
"503",NA,2013-04-18,"Goodwin's","Inshore","C1",0.017,0.005,0.005,0.005,0.017,0.001,9.55,9.68,9.79,"2013","04","18"
"504",NA,2013-04-18,"Goodwin's","Inshore","D1",0.008,0.003,0.003,0.004,0.011,0.001,7,6.9,6.91,"2013","04","18"
"505",NA,2013-04-18,"Goodwin's","Inshore","E1",0.007,0.002,0.002,0.003,0.008,0.001,11.46,11.57,12.33,"2013","04","18"
"506",385,2013-04-18,"Goodwin's","Offshore","A1",0.032,0.016,0.015,0.017,0.035,0.008,16.75,16.53,16.57,"2013","04","18"
"507",NA,2013-04-18,"Goodwin's","Offshore","B1",0.018,0.005,0.005,0.006,0.02,0.001,27.42,27.43,28.02,"2013","04","18"
"508",NA,2013-04-18,"Goodwin's","Offshore","C1",0.014,0.01,0.009,0.009,0.012,0.007,11.57,11.66,11.84,"2013","04","18"
"509",NA,2013-04-18,"Goodwin's","Offshore","D1",0.013,0.005,0.006,0.007,0.018,0.001,28.32,29.56,28.41,"2013","04","18"
"510",NA,2013-04-18,"Goodwin's","Offshore","E1",0.028,0.016,0.015,0.016,0.028,0.009,23.88,24.49,25.52,"2013","04","18"
"511",NA,2013-04-18,"Goodwin's","Blank","Blank",0.00133333333333333,0.000666666666666667,0.001,0.001,0.00133333333333333,0.000333333333333333,NA,NA,NA,"2013","04","18"
"512",NA,2013-05-22,"Goodwin's","Inshore","A1",0.113,0.029,0.032,0.049,0.143,0.001,35.51,34.15,35.3,"2013","05","22"
"513",NA,2013-05-22,"Goodwin's","Inshore","B1",0.037,0.01,0.011,0.016,0.048,0.001,10.2,10.56,10.16,"2013","05","22"
"514",NA,2013-05-22,"Goodwin's","Inshore","C1",0.038,0.012,0.013,0.017,0.057,0.001,34.18,34.32,35.05,"2013","05","22"
"515",NA,2013-05-22,"Goodwin's","Inshore","D1",0.079,0.025,0.022,0.028,0.093,0.001,25.22,25.5,25.18,"2013","05","22"
"516",NA,2013-05-22,"Goodwin's","Inshore","E1",0.073,0.021,0.017,0.023,0.077,0.001,53.23,54.1,53.99,"2013","05","22"
"517",NA,2013-05-22,"Goodwin's","Offshore","A1",0.401,0.115,0.101,0.128,0.46,0.002,43.38,43.36,42.71,"2013","05","22"
"518",NA,2013-05-22,"Goodwin's","Offshore","B1",0.649,0.201,0.177,0.223,0.788,0.004,90.35,91.69,91.72,"2013","05","22"
"519",NA,2013-05-22,"Goodwin's","Offshore","C1",0.246,0.071,0.061,0.074,0.274,0.001,62.93,62.51,63.43,"2013","05","22"
"520",NA,2013-05-22,"Goodwin's","Offshore","D1",0.311,0.089,0.08,0.098,0.358,0.002,63.19,63.36,64.23,"2013","05","22"
"521",NA,2013-05-22,"Goodwin's","Offshore","E1",0.188,0.051,0.042,0.049,0.19,0.001,59.39,60.35,59.83,"2013","05","22"
"522",NA,2013-05-22,"Goodwin's","Blank","Blank",0.008,0.0025,0.002,0.0025,0.0085,0,NA,NA,NA,"2013","05","22"
"523",NA,2013-06-24,"Goodwin's","Inshore","A1",0.48,0.111,0.146,0.257,0.631,0.001,30.26,31.29,30.37,"2013","06","24"
"524",NA,2013-06-24,"Goodwin's","Inshore","B1",0.824,0.241,0.204,0.296,0.879,0.003,87.69,86.09,87.85,"2013","06","24"
"525",NA,2013-06-24,"Goodwin's","Inshore","C1",0.281,0.065,0.089,0.15,0.381,0.001,33.78,35.53,34.27,"2013","06","24"
"526",NA,2013-06-24,"Goodwin's","Inshore","D1",0.389,0.094,0.118,0.209,0.515,0.001,37.13,37.69,37.76,"2013","06","24"
"527",NA,2013-06-24,"Goodwin's","Inshore","E1",0.505,0.143,0.124,0.169,0.534,0.001,65.07,65.28,63.38,"2013","06","24"
"528",NA,2013-06-24,"Goodwin's","Offshore","A1",0.992,0.279,0.235,0.291,1.022,0.002,86.47,86.77,85.55,"2013","06","24"
"529",NA,2013-06-24,"Goodwin's","Offshore","B1",1.067,0.297,0.288,0.385,1.22,0.003,62.05,61.9,63.16,"2013","06","24"
"530",NA,2013-06-24,"Goodwin's","Offshore","C1",1.421,0.442,0.368,0.427,1.548,0.005,84.15,83.66,83.1,"2013","06","24"
"531",NA,2013-06-24,"Goodwin's","Offshore","D1",1.759,0.518,0.427,0.499,1.793,0.004,84.35,84.67,83.9,"2013","06","24"
"532",NA,2013-06-24,"Goodwin's","Offshore","E1",2.312,0.658,0.578,0.735,2.29,0.006,104.5,106,107.59,"2013","06","24"
"533",NA,2013-06-24,"Goodwin's","Blank","Blank",0.038,0.0113333333333333,0.0103333333333333,0.013,0.0443333333333333,0.000333333333333333,NA,NA,NA,"2013","06","24"
"534",NA,2013-07-30,"Goodwin's","Inshore","A1",0.372,0.108,0.095,0.143,0.417,0.001,37.64,36.72,36.61,"2013","07","30"
"535",NA,2013-07-30,"Goodwin's","Inshore","B1",0.438,0.14,0.105,0.146,0.466,0.002,31.58,30.74,31.3,"2013","07","30"
"536",NA,2013-07-30,"Goodwin's","Inshore","C1",0.436,0.132,0.106,0.158,0.461,0.001,27.27,27.2,27.02,"2013","07","30"
"537",NA,2013-07-30,"Goodwin's","Inshore","D1",0.79,0.242,0.186,0.272,0.809,0.002,44.44,44.05,47.18,"2013","07","30"
"538",NA,2013-07-30,"Goodwin's","Inshore","E1",0.898,0.303,0.231,0.302,0.977,0.005,52.63,52.75,52.3,"2013","07","30"
"539",NA,2013-07-30,"Goodwin's","Offshore","A1",0.786,0.257,0.187,0.25,0.823,0.002,46.76,46.96,46.86,"2013","07","30"
"540",NA,2013-07-30,"Goodwin's","Offshore","B1",0.246,0.071,0.065,0.095,0.277,0.002,36.99,36.93,36.31,"2013","07","30"
"541",NA,2013-07-30,"Goodwin's","Offshore","C1",0.559,0.143,0.148,0.246,0.651,0.002,45.53,45.34,46.41,"2013","07","30"
"542",NA,2013-07-30,"Goodwin's","Offshore","D1",0.281,0.071,0.071,0.118,0.311,0.001,41.82,41.78,41.59,"2013","07","30"
"543",NA,2013-07-30,"Goodwin's","Offshore","E1",0.162,0.042,0.039,0.062,0.168,0.001,36.74,37.06,37.16,"2013","07","30"
"544",NA,2013-07-30,"Goodwin's","Blank","Blank",0.032,0.011,0.009,0.0125,0.0375,0,NA,NA,NA,"2013","07","30"
"545",NA,2013-08-15,"Goodwin's","Inshore","A1",0.19,0.056,0.048,0.07,0.209,0.001,22.94,22.99,22.24,"2013","08","15"
"546",NA,2013-08-15,"Goodwin's","Inshore","B1",0.134,0.035,0.036,0.059,0.149,0.001,20.59,20.64,20.88,"2013","08","15"
"547",NA,2013-08-15,"Goodwin's","Inshore","C1",0.158,0.049,0.038,0.049,0.163,0.001,28.53,28.43,28.72,"2013","08","15"
"548",NA,2013-08-15,"Goodwin's","Inshore","D1",0.134,0.035,0.034,0.057,0.151,0.001,19.91,19.85,20.69,"2013","08","15"
"549",NA,2013-08-15,"Goodwin's","Inshore","E1",0.187,0.057,0.054,0.077,0.223,0.002,22.17,21.47,21.61,"2013","08","15"
"550",NA,2013-08-15,"Goodwin's","Offshore","A1",0.159,0.037,0.042,0.078,0.184,0,11.74,11.47,11.9,"2013","08","15"
"551",NA,2013-08-15,"Goodwin's","Offshore","B1",0.036,0.009,0.011,0.021,0.047,0,2.43,2.43,2.37,"2013","08","15"
"552",NA,2013-08-15,"Goodwin's","Offshore","C1",0.084,0.026,0.021,0.029,0.087,0.001,15.58,14.64,14.63,"2013","08","15"
"553",NA,2013-08-15,"Goodwin's","Offshore","D1",NA,NA,NA,NA,NA,NA,NA,NA,NA,"2013","08","15"
"554",NA,2013-08-15,"Goodwin's","Offshore","E1",0.028,0.01,0.009,0.012,0.033,0.001,4.23,4.53,4.71,"2013","08","15"
"555",NA,2013-08-15,"Goodwin's","Blank","Blank",0.004,0.00133333333333333,0.001,0.002,0.005,0,NA,NA,NA,"2013","08","15"
"556",NA,2013-09-17,"Goodwin's","Inshore","A1",0.035,0.011,0.012,0.016,0.038,0.001,16.52,16.39,17.19,"2013","09","17"
"557",NA,2013-09-17,"Goodwin's","Inshore","B1",0.069,0.018,0.022,0.039,0.087,0.001,26.36,25.99,25.04,"2013","09","17"
"558",NA,2013-09-17,"Goodwin's","Inshore","C1",0.07,0.016,0.023,0.044,0.095,0.001,18.39,18.38,19,"2013","09","17"
"559",NA,2013-09-17,"Goodwin's","Inshore","D1",0.064,0.028,0.018,0.028,0.065,0.001,29.01,30.17,28.999,"2013","09","17"
"560",NA,2013-09-17,"Goodwin's","Inshore","E1",0.067,0.021,0.021,0.03,0.074,0.001,68.43,67.91,68.16,"2013","09","17"
"561",NA,2013-09-17,"Goodwin's","Offshore","A1",0.026,0.008,0.008,0.01,0.027,0,23.07,22.97,23.2,"2013","09","17"
"562",NA,2013-09-17,"Goodwin's","Offshore","B1",NA,NA,NA,NA,NA,NA,NA,NA,NA,"2013","09","17"
"563",NA,2013-09-17,"Goodwin's","Offshore","C1",0.124,0.046,0.033,0.046,0.132,0.001,40.26,41.42,40.75,"2013","09","17"
"564",NA,2013-09-17,"Goodwin's","Offshore","D1",NA,NA,NA,NA,NA,NA,NA,NA,NA,"2013","09","17"
"565",NA,2013-09-17,"Goodwin's","Offshore","E1",0.203,0.066,0.052,0.074,0.224,0.001,31.27,32.28,32.29,"2013","09","17"
"566",NA,2013-09-17,"Goodwin's","Blank","Blank",0.0075,0.0025,0.002,0.0035,0.009,0,NA,NA,NA,"2013","09","17"
"567",NA,2013-10-17,"Goodwin's","Inshore","A1",0.002,0,0,0,0.002,0,14.54,13.36,13.25,"2013","10","17"
"568",NA,2013-10-17,"Goodwin's","Inshore","B1",0.003,0.001,0.001,0.002,0.004,0,7.11,6.83,6.9,"2013","10","17"
"569",NA,2013-10-17,"Goodwin's","Inshore","C1",0.01,0.003,0.004,0.006,0.013,0,20.64,19.9,20.91,"2013","10","17"
"570",NA,2013-10-17,"Goodwin's","Inshore","D1",0.002,0.001,0.001,0.001,0.003,0,3.95,5.12,4.73,"2013","10","17"
"571",NA,2013-10-17,"Goodwin's","Inshore","E1",0.011,0.003,0.003,0.004,0.011,0,30.59,29.73,30.65,"2013","10","17"
"572",NA,2013-10-17,"Goodwin's","Offshore","A1",0.031,0.009,0.009,0.013,0.037,0,18.71,18.5,18.21,"2013","10","17"
"573",NA,2013-10-17,"Goodwin's","Offshore","B1",0.01,0.003,0.002,0.003,0.01,0,22.99,23.21,22.92,"2013","10","17"
"574",NA,2013-10-17,"Goodwin's","Offshore","C1",0.027,0.008,0.007,0.009,0.029,0,24.64,24.43,24.62,"2013","10","17"
"575",NA,2013-10-17,"Goodwin's","Offshore","D1",0.046,0.014,0.013,0.018,0.051,0.001,36.51,35.29,36.02,"2013","10","17"
"576",NA,2013-10-17,"Goodwin's","Offshore","E1",0.005,0.002,0.002,0.002,0.005,0,11.99,11.29,11.27,"2013","10","17"
"577",NA,2013-10-17,"Goodwin's","Blank","Blank",0.00725,0.00175,0.002,0.003,0.0095,0,NA,NA,NA,"2013","10","17"
"578",NA,2013-11-14,"Goodwin's","Inshore","A1",0.55,0.143,0.164,0.24,0.718,0.002,33.34,33.24,34.36,"2013","11","14"
"579",NA,2013-11-14,"Goodwin's","Inshore","B1",0.244,0.071,0.069,0.09,0.298,0.002,14.22,14.3,14.68,"2013","11","14"
"580",NA,2013-11-14,"Goodwin's","Inshore","C1",0.119,0.034,0.034,0.046,0.148,0.001,11.62,11.34,11.88,"2013","11","14"
"581",NA,2013-11-14,"Goodwin's","Inshore","D1",0.354,0.093,0.102,0.148,0.442,0.002,32.65,31.61,30.78,"2013","11","14"
"582",NA,2013-11-14,"Goodwin's","Inshore","E1",0.448,0.118,0.125,0.179,0.546,0.002,31.47,31.83,32.25,"2013","11","14"
"583",NA,2013-11-14,"Goodwin's","Offshore","A1",0.334,0.098,0.092,0.123,0.399,0.002,24.12,25.42,24.67,"2013","11","14"
"584",NA,2013-11-14,"Goodwin's","Offshore","B1",0.496,0.144,0.141,0.179,0.602,0.002,31.46,30.91,31.45,"2013","11","14"
"585",NA,2013-11-14,"Goodwin's","Offshore","C1",0.194,0.065,0.052,0.064,0.227,0.001,39.5,39.7,39.77,"2013","11","14"
"586",NA,2013-11-14,"Goodwin's","Offshore","D1",0.112,0.031,0.036,0.05,0.152,0.001,11.82,11.57,10.95,"2013","11","14"
"587",NA,2013-11-14,"Goodwin's","Offshore","E1",0.359,0.106,0.095,0.116,0.41,0.002,25.96,26.61,26.07,"2013","11","14"
"588",NA,2013-11-14,"Goodwin's","Blank","Blank",0.00725,0.00175,0.002,0.003,0.0095,0,NA,NA,NA,"2013","11","14"
